0	0
1.36815	0.20453
1.37194	0.20106
1.37573	0.20025
1.37952	0.19966
1.38332	0.19598
1.38711	0.19227
1.3909	0.19493
1.39469	0.19671
1.39848	0.19684
1.40227	0.19069
1.40606	0.1913
1.40986	0.18836
1.41365	0.18639
1.41744	0.18948
1.42123	0.19204
1.42502	0.19161
1.42881	0.19106
1.4326	0.19149
1.43639	0.19724
1.44019	0.19647
1.44398	0.19761
1.44777	0.199
1.45156	0.19722
1.45535	0.19615
1.45914	0.19476
1.46293	0.19318
1.46672	0.19642
1.47051	0.19508
1.4743	0.19902
1.47809	0.19901
1.48188	0.19824
1.48567	0.19614
1.48946	0.19098
1.49325	0.19119
1.49704	0.1905
1.50083	0.18871
1.50462	0.18525
1.50841	0.17999
1.51221	0.18092
1.51599	0.17868
1.51978	0.17967
1.52357	0.18366
1.52736	0.1817
1.53115	0.18339
1.53494	0.17892
1.53873	0.18132
1.54252	0.18274
1.54631	0.18041
1.5501	0.18253
1.55389	0.18319
1.55768	0.18528
1.56147	0.18746
1.56526	0.18856
1.56905	0.18998
1.57284	0.18649
1.57663	0.18551
1.58042	0.1865
1.58421	0.18632
1.588	0.18637
1.59179	0.18184
1.59558	0.18161
1.59936	0.17832
1.60315	0.17939
1.60694	0.182
1.61073	0.17888
1.61452	0.18027
1.61831	0.17869
1.6221	0.1738
1.62589	0.17443
1.62967	0.17198
1.63346	0.17437
1.63725	0.17096
1.64104	0.16828
1.64483	0.17062
1.64862	0.16582
1.65241	0.16652
1.6562	0.17181
1.65998	0.17286
1.66377	0.17435
1.66756	0.1745
1.67135	0.17515
1.67514	0.17452
1.67893	0.17631
1.68271	0.18009
1.6865	0.17815
1.69029	0.17669
1.69408	0.17634
1.69786	0.17667
1.70165	0.17345
1.70544	0.17395
1.70923	0.17788
1.71301	0.17442
1.7168	0.17319
1.72059	0.17533
1.72438	0.17098
1.72816	0.17155
1.73195	0.17013
1.73574	0.17296
1.73953	0.17054
1.74331	0.16788
1.7471	0.16901
1.75089	0.17003
1.75467	0.17152
1.75846	0.17688
1.76225	0.17509
1.76604	0.17535
1.76982	0.17629
1.77361	0.18317
1.7774	0.18298
1.78119	0.18332
1.78497	0.18474
1.78876	0.1855
1.79255	0.18366
1.79633	0.1865
1.80012	0.19112
1.80391	0.19215
1.80769	0.19427
1.81148	0.20006
1.81526	0.20478
1.81905	0.20696
1.82284	0.20954
1.82662	0.21419
1.83041	0.21966
1.83419	0.21811
1.83798	0.21794
1.84177	0.21767
1.84555	0.21678
1.84934	0.21929
1.85312	0.21778
1.85691	0.21953
1.86069	0.21939
1.86448	0.22141
1.86827	0.22526
1.87205	0.22825
1.87584	0.22617
1.87962	0.23133
1.88341	0.23055
1.88719	0.23441
1.89098	0.23529
1.89476	0.23828
1.89855	0.23507
1.90233	0.23287
1.90612	0.23572
1.9099	0.23927
1.91369	0.23871
1.91747	0.23994
1.92126	0.24128
1.92504	0.24315
1.92883	0.24114
1.93261	0.24261
1.9364	0.24637
1.94018	0.24621
1.94396	0.24645
1.94775	0.24447
1.95153	0.24554
1.95532	0.24218
1.9591	0.23731
1.9629	0.23718
1.96667	0.23722
1.97045	0.23955
1.97423	0.23895
1.97803	0.23655
1.98181	0.23691
1.98559	0.23786
1.98937	0.24216
1.99317	0.24782
1.99694	0.25452
2.00072	0.25608
2.0045	0.25612
2.0083	0.25677
2.01208	0.26396
2.01586	0.26354
2.01963	0.26327
2.02343	0.26581
2.02721	0.26633
2.03099	0.26496
2.03478	0.26576
2.03856	0.26604
2.04234	0.26282
2.04612	0.26378
2.04991	0.26728
2.05369	0.26674
2.05747	0.26785
2.06125	0.2691
2.06504	0.27334
2.06882	0.27514
2.0726	0.27573
2.07638	0.28337
2.08017	0.28134
2.08395	0.28056
2.08773	0.28557
2.0915	0.28912
2.0953	0.28884
2.09908	0.28793
2.10285	0.28502
2.10665	0.28584
2.11043	0.28706
2.1142	0.29001
2.11798	0.29006
2.12178	0.29006
2.12555	0.28918
2.12933	0.28858
2.13311	0.2908
2.1369	0.29475
2.14068	0.29758
2.14445	0.29813
2.14823	0.29969
2.15203	0.30605
2.1558	0.30845
2.15958	0.3096
2.16337	0.31393
2.16715	0.31161
2.17093	0.3153
2.1747	0.31644
2.1785	0.31661
2.18227	0.31537
2.18605	0.32008
2.18982	0.32134
2.19362	0.32469
2.19739	0.3256
2.20117	0.32827
2.20494	0.32975
2.20874	0.33473
2.21251	0.33749
2.21629	0.3387
2.22006	0.33939
2.22386	0.34277
2.22763	0.34198
2.23141	0.34635
2.2352	0.34322
2.23898	0.34306
2.24275	0.34051
2.24653	0.342
2.25032	0.34369
2.25409	0.34686
2.25787	0.34738
2.26164	0.3469
2.26544	0.3481
2.26921	0.35468
2.27298	0.35814
2.27676	0.35914
2.28055	0.3633
2.28432	0.36945
2.2881	0.36575
2.29187	0.36596
2.29567	0.37228
2.29944	0.37289
2.30321	0.3775
2.30701	0.38344
2.31078	0.38987
2.31455	0.3886
2.31833	0.39042
2.32212	0.39533
2.32589	0.3987
2.32966	0.40118
2.33344	0.40449
2.33723	0.40763
2.341	0.40598
2.34478	0.40467
2.34855	0.40665
2.35234	0.41032
2.35611	0.40649
2.35989	0.40957
2.36366	0.40734
2.36745	0.40465
2.37122	0.40522
2.375	0.40666
2.37879	0.40312
2.38256	0.40716
2.38633	0.40374
2.3901	0.40775
2.39389	0.40766
2.39767	0.41233
2.40144	0.41424
2.40521	0.41745
2.409	0.41919
2.41277	0.42291
2.41654	0.42483
2.42031	0.42728
2.42411	0.42524
2.42788	0.42414
2.43165	0.41895
2.43542	0.4246
2.43921	0.42325
2.44298	0.42296
2.44675	0.42572
2.45054	0.41993
2.45431	0.42224
2.45808	0.42555
2.46185	0.42832
2.46564	0.43301
2.46942	0.4299
2.47318	0.42819
2.47696	0.43033
2.48075	0.43082
2.48452	0.43621
2.48829	0.43352
2.49206	0.4357
2.49585	0.43435
2.49961	0.43502
2.50339	0.43508
2.50716	0.43526
2.51094	0.4337
2.51471	0.43756
2.51848	0.43737
2.52227	0.44222
2.52604	0.4441
2.52981	0.44736
2.53358	0.44854
2.53737	0.45218
2.54114	0.45649
2.54491	0.45865
2.54868	0.45859
2.55247	0.4628
2.55623	0.46376
2.56	0.46501
2.56377	0.468
2.56756	0.46975
2.57133	0.47482
2.5751	0.47439
2.57886	0.47902
2.58265	0.48
2.58642	0.48433
2.59019	0.48223
2.59398	0.48124
2.59775	0.47765
2.60151	0.47897
2.60528	0.47809
2.60907	0.47607
2.61284	0.475
2.6166	0.47814
2.62037	0.4742
2.62416	0.47935
2.62792	0.48385
2.63169	0.48871
2.63546	0.49441
2.63925	0.49216
2.64301	0.4948
2.64678	0.50378
2.65057	0.50689
2.65433	0.51544
2.6581	0.5206
2.66187	0.52339
2.66565	0.52479
2.66942	0.5257
2.67319	0.53504
2.67695	0.54711
2.68074	0.53964
2.68451	0.54175
2.68827	0.5389
2.69204	0.54305
2.69582	0.54641
2.69959	0.55279
2.70336	0.5615
2.70712	0.56713
2.71091	0.57149
2.71467	0.58164
2.71844	0.58804
2.72222	0.60107
2.72599	0.6106
2.72975	0.61841
2.73352	0.62786
2.7373	0.63302
2.74107	0.63873
2.74483	0.64258
2.7486	0.65059
2.75238	0.65601
2.75615	0.66179
2.75991	0.6638
2.76368	0.67383
2.76746	0.68514
2.77123	0.69076
2.77499	0.69745
2.77875	0.70208
2.78254	0.71317
2.7863	0.71964
2.79007	0.73115
2.79385	0.74303
2.79761	0.75296
2.80138	0.76034
2.80514	0.77685
2.80892	0.79068
2.81269	0.81217
2.81645	0.83082
2.82022	0.85531
2.824	0.87809
2.82776	0.90627
2.83153	0.93037
2.83529	0.9581
2.83907	0.97983
2.84283	1.01777
2.8466	1.04762
2.85036	1.07142
2.85414	1.11107
2.8579	1.13649
2.86167	1.16777
2.86545	1.20629
2.86921	1.24164
2.87297	1.28811
2.87674	1.32727
2.88052	1.38208
2.88428	1.4398
2.88804	1.49381
2.8918	1.55523
2.89558	1.61108
2.89935	1.67251
2.90311	1.74486
2.90687	1.81263
2.91065	1.88929
2.91441	1.96564
2.91817	2.05255
2.92193	2.14261
2.92571	2.24212
2.92948	2.36349
2.93324	2.48135
2.93702	2.6008
2.94078	2.73746
2.94454	2.88183
2.9483	3.03134
2.95208	3.18674
2.95584	3.35709
2.9596	3.54196
2.96336	3.72297
2.96714	3.9314
2.9709	4.14676
2.97466	4.38025
2.97842	4.60382
2.9822	4.84085
2.98596	5.09721
2.98972	5.34731
2.99348	5.59126
2.99726	5.8451
3.00102	6.09462
3.00478	6.32829
3.00855	6.54999
3.01231	6.76875
3.01607	6.96723
3.01983	7.13232
3.02361	7.27809
3.02737	7.3999
3.03113	7.4655
3.03489	7.49087
3.03866	7.50145
3.04242	7.46195
3.04618	7.39609
3.04994	7.28153
3.05372	7.13733
3.05748	6.98056
3.06123	6.80139
3.06501	6.60898
3.06877	6.41199
3.07253	6.18926
3.07628	5.956
3.08006	5.71716
3.08382	5.48508
3.08758	5.26363
3.09133	5.02726
3.09511	4.79712
3.09887	4.57901
3.10263	4.35155
3.10638	4.1416
3.11016	3.94569
3.11391	3.7665
3.11767	3.59992
3.12143	3.43562
3.1252	3.28369
3.12896	3.13084
3.13272	2.99486
3.13649	2.87021
3.14025	2.75706
3.144	2.64636
3.14776	2.54002
3.15154	2.43403
3.15529	2.3329
3.15905	2.23394
3.1628	2.14738
3.16658	2.06153
3.17033	1.98771
3.17409	1.91897
3.17785	1.84681
3.18162	1.77136
3.18538	1.71085
3.18913	1.65427
3.19288	1.59761
3.19666	1.54817
3.20041	1.50147
3.20417	1.44813
3.20794	1.39519
3.2117	1.36109
3.21545	1.31997
3.21921	1.28348
3.22298	1.24834
3.22673	1.208
3.23049	1.17226
3.23424	1.13646
3.23801	1.11092
3.24177	1.08941
3.24552	1.05682
3.24927	1.036
3.25305	1.00413
3.2568	0.98422
3.26055	0.96711
3.26431	0.946
3.26808	0.9276
3.27183	0.90228
3.27559	0.87836
3.27936	0.86372
3.28311	0.84064
3.28686	0.83369
3.29062	0.80894
3.29439	0.79386
3.29814	0.77818
3.30189	0.76599
3.30564	0.75672
3.30941	0.7483
3.31317	0.73615
3.31692	0.73176
3.32067	0.71552
3.32444	0.71189
3.32819	0.70774
3.33195	0.69947
3.3357	0.69206
3.33947	0.68188
3.34322	0.66464
3.34697	0.66084
3.35074	0.64708
3.35449	0.64611
3.35824	0.6354
3.36199	0.62447
3.36576	0.6281
3.36951	0.62535
3.37326	0.62172
3.37701	0.62261
3.38078	0.61484
3.38453	0.61104
3.38828	0.60008
3.39203	0.59678
3.3958	0.58739
3.39955	0.57366
3.4033	0.56243
3.40705	0.56079
3.41082	0.55608
3.41457	0.55091
3.41832	0.5477
3.42209	0.53999
3.42584	0.53975
3.42958	0.53958
3.43333	0.5416
3.4371	0.54437
3.44085	0.54791
3.4446	0.54578
3.44835	0.54495
3.45212	0.54693
3.45586	0.54676
3.45961	0.54349
3.46336	0.5416
3.46713	0.53498
3.47087	0.52708
3.47462	0.51773
3.47837	0.51869
3.48214	0.51367
3.48588	0.50904
3.48963	0.51078
3.4934	0.50666
3.49715	0.50627
3.50089	0.50606
3.50464	0.50529
3.50841	0.50608
3.51215	0.50135
3.5159	0.49608
3.51965	0.49171
3.52341	0.48475
3.52716	0.48174
3.5309	0.47943
3.53465	0.47766
3.53842	0.47898
3.54216	0.47097
3.54591	0.46291
3.54967	0.46624
3.55342	0.46755
3.55716	0.47543
3.56091	0.47158
3.56467	0.46541
3.56842	0.46554
3.57216	0.45662
3.57591	0.45621
3.57967	0.45612
3.58342	0.45999
3.58716	0.45999
3.59091	0.45435
3.59467	0.45274
3.59842	0.45515
3.60216	0.45332
3.6059	0.46247
3.60967	0.45986
3.61341	0.46318
3.61715	0.45069
3.62092	0.44235
3.62466	0.445
3.62841	0.45698
3.63215	0.45645
3.63591	0.44531
3.63965	0.44675
3.6434	0.45733
3.64714	0.45438
3.6509	0.45375
3.65465	0.4674
3.65839	0.4696
3.66213	0.45539
3.66589	0.45675
3.66964	0.46632
3.67338	0.45547
3.67712	0.44667
3.68088	0.44902
3.68462	0.45746
3.68837	0.44812
3.69213	0.44352
3.69587	0.44754
3.69961	0.44621
3.70335	0.43918
3.70711	0.4452
3.71085	0.44653
3.7146	0.44884
3.71834	0.44929
3.7221	0.44599
3.72584	0.44131
3.72958	0.43999
3.73332	0.43968
3.73708	0.44579
3.74082	0.4515
3.74456	0.4515
3.7483	0.4517
3.75206	0.44793
3.7558	0.45117
3.75954	0.45973
3.7633	0.45523
3.76704	0.45327
3.77078	0.45407
3.77452	0.45327
3.77827	0.45902
3.78201	0.4517
3.78575	0.44836
3.78949	0.45127
3.79325	0.44306
3.79699	0.44789
3.80073	0.44907
3.80447	0.45111
3.80822	0.44804
3.81196	0.43447
3.8157	0.44323
3.81944	0.45303
3.8232	0.46058
3.82693	0.46188
3.83067	0.4599
3.83443	0.46081
3.83817	0.45117
3.8419	0.45959
3.84564	0.47171
3.8494	0.47067
3.85313	0.46799
3.85687	0.46693
3.86061	0.47753
3.86436	0.49024
3.8681	0.49237
3.87184	0.49739
3.87557	0.487
3.87933	0.48572
3.88307	0.48845
3.8868	0.49407
3.89054	0.48478
3.89429	0.47375
3.89803	0.47127
3.90177	0.47573
3.90552	0.48663
3.90926	0.49041
3.91299	0.49213
3.91673	0.49154
3.92048	0.49264
3.92422	0.49352
3.92795	0.49584
3.93168	0.50026
3.93544	0.50506
3.93917	0.50642
3.94291	0.51328
3.94664	0.51505
3.9504	0.51344
3.95413	0.50554
3.95786	0.5166
3.96162	0.52489
3.96535	0.51582
3.96909	0.5093
3.97282	0.51504
3.97657	0.51378
3.9803	0.51441
3.98404	0.5113
3.98777	0.51825
3.99152	0.52726
3.99526	0.53389
3.99899	0.54172
4.00272	0.55634
4.00647	0.55001
4.01021	0.54913
4.01394	0.56221
4.01767	0.57777
4.02142	0.57908
4.02515	0.5779
4.02888	0.57394
4.03264	0.58452
4.03637	0.5829
4.0401	0.58476
4.04383	0.59516
4.04758	0.59329
4.05131	0.59162
4.05504	0.60223
4.05877	0.6056
4.06252	0.62235
4.06625	0.61793
4.06998	0.62454
4.07372	0.63341
4.07747	0.6323
4.0812	0.63246
4.08493	0.62919
4.08866	0.63419
4.09241	0.62926
4.09613	0.62192
4.09986	0.61609
4.10361	0.60833
4.10734	0.59879
4.11107	0.59368
4.1148	0.59149
4.11855	0.59481
4.12228	0.57334
4.12601	0.57016
4.12974	0.56644
4.13348	0.56734
4.13721	0.57359
4.14094	0.5804
4.14467	0.59222
4.14841	0.58822
4.15214	0.57837
4.15587	0.58359
4.1596	0.58739
4.16334	0.58464
4.16707	0.59431
4.1708	0.59508
4.17455	0.59222
4.17827	0.57444
4.182	0.56694
4.18573	0.57097
4.18947	0.57631
4.1932	0.5735
4.19693	0.57471
4.20065	0.56676
4.2044	0.56263
4.20812	0.56597
4.21185	0.56832
4.21558	0.58052
4.21932	0.58563
4.22305	0.58452
4.22677	0.59374
4.2305	0.59161
4.23424	0.59205
4.23797	0.59478
4.24169	0.59008
4.24544	0.6016
4.24916	0.59591
4.25289	0.58961
4.25661	0.59259
4.26035	0.57484
4.26408	0.56476
4.2678	0.57069
4.27153	0.56798
4.27527	0.56788
4.279	0.56025
4.28272	0.56761
4.28644	0.57567
4.29019	0.57683
4.29391	0.58559
4.29763	0.60003
4.30135	0.59978
4.3051	0.58936
4.30882	0.58215
4.31254	0.57583
4.31628	0.56855
4.32001	0.56024
4.32373	0.56195
4.32745	0.55204
4.33119	0.55856
4.33491	0.54986
4.33864	0.55772
4.34236	0.55483
4.3461	0.55369
4.34982	0.55573
4.35354	0.56777
4.35726	0.56271
4.361	0.57524
4.36472	0.57137
4.36845	0.5814
4.37217	0.57368
4.37591	0.58374
4.37963	0.59891
4.38335	0.59549
4.38709	0.59359
4.39081	0.6031
4.39453	0.60038
4.39825	0.59531
4.40198	0.58485
4.4057	0.58477
4.40942	0.57953
4.41314	0.56593
4.41688	0.57561
4.4206	0.57244
4.42432	0.56468
4.42804	0.56115
4.43178	0.55537
4.4355	0.56162
4.43921	0.5586
4.44295	0.55953
4.44667	0.55645
4.45039	0.55333
4.45411	0.55714
4.45784	0.55997
4.46156	0.56411
4.46528	0.56547
4.46899	0.56897
4.47273	0.57613
4.47645	0.5825
4.48017	0.60345
4.48388	0.60298
4.48762	0.59418
4.49134	0.59579
4.49505	0.60108
4.49877	0.60386
4.5025	0.60425
4.50622	0.59874
4.50994	0.59972
4.51367	0.5991
4.51739	0.60577
4.5211	0.61211
4.52482	0.61895
4.52855	0.6265
4.53227	0.62664
4.53598	0.62531
4.5397	0.64321
4.54343	0.65456
4.54715	0.63972
4.55086	0.64108
4.55458	0.65106
4.55831	0.64131
4.56202	0.64033
4.56574	0.6587
4.56945	0.65601
4.57318	0.64699
4.5769	0.63433
4.58061	0.64099
4.58434	0.63484
4.58806	0.63005
4.59177	0.63866
4.59548	0.6426
4.59922	0.63445
4.60293	0.63883
4.60664	0.65097
4.61035	0.66047
4.61409	0.66524
4.6178	0.6661
4.62151	0.67439
4.62522	0.66736
4.62895	0.65712
4.63266	0.6656
4.63638	0.67414
4.64009	0.68295
4.64382	0.6896
4.64753	0.70015
4.65124	0.71853
4.65497	0.7205
4.65868	0.73503
4.66239	0.73969
4.6661	0.75749
4.66983	0.758
4.67354	0.75909
4.67725	0.76019
4.68096	0.77057
4.68469	0.77439
4.6884	0.77333
4.69211	0.77466
4.69582	0.78869
4.69955	0.7701
4.70326	0.78094
4.70697	0.78202
4.71068	0.81065
4.7144	0.81121
4.71811	0.80858
4.72182	0.83187
4.72555	0.84621
4.72926	0.85418
4.73296	0.87723
4.73667	0.90256
4.7404	0.92487
4.74411	0.925
4.74781	0.93717
4.75152	0.95623
4.75525	0.96537
4.75895	0.96647
4.76266	0.98723
4.76637	1.00564
4.77009	1.01458
4.7738	1.03855
4.77751	1.06545
4.78121	1.09972
4.78494	1.11984
4.78864	1.13621
4.79235	1.17475
4.79608	1.21002
4.79978	1.24027
4.80349	1.26035
4.80719	1.28295
4.81092	1.30488
4.81462	1.33165
4.81833	1.38348
4.82203	1.43471
4.82575	1.49039
4.82946	1.52057
4.83316	1.55763
4.83687	1.61643
4.84059	1.66987
4.84429	1.73313
4.848	1.79959
4.8517	1.83568
4.85543	1.91233
4.85913	1.97549
4.86283	2.06499
4.86655	2.15077
4.87026	2.22502
4.87396	2.32351
4.87766	2.42426
4.88138	2.53154
4.88509	2.67679
4.88879	2.80219
4.89249	2.94903
4.89621	3.08422
4.89991	3.24972
4.90362	3.43695
4.90732	3.59951
4.91104	3.77402
4.91474	3.9537
4.91844	4.1756
4.92216	4.36457
4.92586	4.56018
4.92956	4.7631
4.93326	4.95205
4.93698	5.14422
4.94068	5.32374
4.94438	5.52676
4.94808	5.70374
4.9518	5.83128
4.9555	5.95959
4.9592	6.05926
4.9629	6.16312
4.96662	6.24726
4.97032	6.26095
4.97402	6.28907
4.97771	6.26999
4.98143	6.22582
4.98513	6.1629
4.98883	6.09286
4.99255	5.99476
4.99625	5.84493
4.99994	5.58722
5.00364	5.50716
5.00736	5.40807
5.01106	5.29137
5.01475	5.15641
5.01845	5.00469
5.02217	4.83964
5.02586	4.6644
5.02956	4.48301
5.03326	4.3014
5.03697	4.12361
5.04067	3.95637
5.04437	3.79594
5.04806	3.64332
5.05178	3.50024
5.05547	3.36942
5.05917	3.2501
5.06288	3.14037
5.06658	3.04237
5.07027	2.95486
5.07397	2.87702
5.07768	2.80511
5.08138	2.73685
5.08507	2.66916
5.08877	2.60094
5.09248	2.53216
5.09617	2.4632
5.09987	2.39275
5.10356	2.3223
5.10728	2.24902
5.11097	2.1765
5.11466	2.10708
5.11836	2.04088
5.12207	1.97837
5.12576	1.91976
5.12946	1.86403
5.13317	1.80911
5.13686	1.75661
5.14055	1.7059
5.14424	1.65744
5.14795	1.61028
5.15165	1.56396
5.15534	1.51913
5.15903	1.47435
5.16274	1.43296
5.16643	1.39656
5.17012	1.36362
5.17382	1.33527
5.17753	1.31045
5.18122	1.28975
5.18491	1.27106
5.1886	1.2519
5.19231	1.23517
5.196	1.21748
5.19969	1.19869
5.2034	1.17919
5.20709	1.15973
5.21078	1.14083
5.21447	1.12134
5.21817	1.10443
5.22186	1.08903
5.22555	1.07395
5.22924	1.06006
5.23295	1.04921
5.23664	1.04058
5.24033	1.03348
5.24402	1.02709
5.24772	1.02224
5.25141	1.01722
5.2551	1.01099
5.25878	1.00478
5.26249	0.99861
5.26618	0.99053
5.26987	0.98103
5.27357	0.9705
5.27726	0.95956
5.28095	0.94787
5.28463	0.93608
5.28834	0.92698
5.29202	0.91786
5.29571	0.91027
5.2994	0.90344
5.3031	0.89894
5.30679	0.89629
5.31047	0.89376
5.31416	0.89151
5.31786	0.89011
5.32155	0.88838
5.32523	0.88522
5.32894	0.8818
5.33262	0.87893
5.33631	0.87649
5.33999	0.87269
5.34369	0.87001
5.34738	0.86766
5.35106	0.86565
5.35475	0.8624
5.35845	0.85999
5.36213	0.85825
5.36581	0.85667
5.3695	0.8536
5.3732	0.85241
5.37688	0.85086
5.38057	0.84802
5.38425	0.84501
5.38795	0.84276
5.39163	0.84042
5.39531	0.83741
5.39902	0.83475
5.4027	0.83466
5.40638	0.83286
5.41006	0.82991
5.41376	0.82866
5.41744	0.82633
5.42112	0.82535
5.4248	0.82506
5.4285	0.82655
5.43218	0.82866
5.43586	0.8293
5.43954	0.83072
5.44324	0.83298
5.44692	0.83438
5.4506	0.83528
5.45428	0.83555
5.45798	0.83594
5.46166	0.83401
5.46534	0.83165
5.46904	0.82857
5.47271	0.8263
5.47639	0.8236
5.48007	0.82304
5.48377	0.82437
5.48745	0.82715
5.49113	0.83162
5.4948	0.8386
5.4985	0.84622
5.50218	0.85471
5.50586	0.86375
5.50953	0.87186
5.51323	0.87738
5.51691	0.88135
5.52058	0.88398
5.52426	0.88558
5.52795	0.88547
5.53163	0.8851
5.53531	0.88515
5.539	0.88415
5.54268	0.88513
5.54635	0.88841
5.55003	0.89342
5.55372	0.89858
5.5574	0.90554
5.56107	0.91234
5.56475	0.92001
5.56844	0.92793
5.57212	0.937
5.57579	0.94608
5.57946	0.95383
5.58316	0.96273
5.58683	0.97323
5.59051	0.98294
5.59418	0.99433
5.59787	1.00391
5.60154	1.01414
5.60522	1.02277
5.60891	1.03155
5.61258	1.04066
5.61625	1.05
5.61993	1.0581
5.62362	1.06624
5.62729	1.07427
5.63096	1.08413
5.63463	1.09453
5.63832	1.10804
5.642	1.12346
5.64567	1.14113
5.64934	1.15981
5.65303	1.18054
5.6567	1.2024
5.66037	1.22431
5.66404	1.2479
5.66773	1.26944
5.6714	1.29066
5.67507	1.31281
5.67876	1.33634
5.68243	1.36072
5.6861	1.38677
5.68977	1.4129
5.69346	1.44088
5.69712	1.46995
5.70079	1.50401
5.70446	1.53933
5.70815	1.57788
5.71182	1.61947
5.71549	1.66294
5.71915	1.70998
5.72284	1.75993
5.72651	1.81413
5.73018	1.87322
5.73384	1.93631
5.73753	2.00499
5.7412	2.0788
5.74486	2.15884
5.74855	2.24561
5.75221	2.33661
5.75588	2.43442
5.75955	2.53673
5.76323	2.64272
5.7669	2.75269
5.77056	2.86571
5.77423	2.97979
5.77791	3.09534
5.78158	3.21003
5.78524	3.32195
5.78891	3.43208
5.79259	3.53705
5.79626	3.637
5.79992	3.7314
5.80361	3.81874
5.80727	3.89786
5.81093	3.96532
5.8146	4.02188
5.81828	4.06844
5.82194	4.10284
5.82561	4.12846
5.82927	4.14154
5.83295	4.14187
5.83661	4.13176
5.84028	4.11154
5.84394	4.08204
5.84762	4.04351
5.85128	3.9957
5.85494	3.93849
5.8586	3.87321
5.86228	3.80155
5.86595	3.72417
5.86961	3.64115
5.87329	3.55028
5.87695	3.45457
5.88061	3.3543
5.88427	3.25169
5.88795	3.14828
5.89161	3.04455
5.89527	2.94278
5.89893	2.84054
5.90261	2.74073
5.90627	2.64674
5.90993	2.55759
5.91359	2.47402
5.91726	2.39396
5.92092	2.31868
5.92458	2.24741
5.92824	2.17909
5.93192	2.11782
5.93558	2.05941
5.93923	2.0013
5.94291	1.94414
5.94657	1.8902
5.95022	1.84023
5.95388	1.79259
5.95756	1.74651
5.96122	1.70313
5.96487	1.66044
5.96853	1.61604
5.9722	1.57533
5.97586	1.53673
5.97952	1.49798
5.98317	1.45978
5.98685	1.42118
5.9905	1.3846
5.99416	1.35054
5.99781	1.31686
6.00149	1.2903
6.00514	1.26589
6.0088	1.24454
6.01247	1.22623
6.01612	1.21001
6.01978	1.2
6.02343	1.1906
6.02711	1.18049
6.03076	1.17344
6.03441	1.1631
6.03807	1.1527
6.04174	1.1431
6.04539	1.13239
6.04904	1.12075
6.0527	1.10553
6.05637	1.08901
6.06002	1.07275
6.06367	1.05785
6.06733	1.0447
6.07099	1.03328
6.07465	1.0185
6.0783	1.00395
6.08197	0.99056
6.08562	0.97666
6.08927	0.96583
6.09292	0.95358
6.09659	0.93847
6.10024	0.92488
6.10389	0.91176
6.10754	0.90137
6.11121	0.89233
6.11486	0.88426
6.11851	0.87923
6.12216	0.87404
6.12583	0.87171
6.12948	0.87173
6.13312	0.87355
6.13677	0.87546
6.14044	0.87646
6.14409	0.87587
6.14774	0.8771
6.1514	0.87836
6.15505	0.87762
6.1587	0.87692
6.16235	0.87324
6.16601	0.86605
6.16966	0.85836
6.17331	0.85199
6.17695	0.8441
6.18062	0.8361
6.18426	0.8291
6.18791	0.82354
6.19156	0.81778
6.19522	0.81382
6.19887	0.81264
6.20251	0.81283
6.20616	0.81316
6.20982	0.81649
6.21347	0.81876
6.21711	0.82099
6.22077	0.82376
6.22442	0.82528
6.22806	0.82633
6.23171	0.82393
6.23537	0.82027
6.23901	0.81547
6.24266	0.80999
6.2463	0.80403
6.24996	0.79819
6.25361	0.7926
6.25725	0.78852
6.26089	0.78669
6.26455	0.78816
6.26819	0.79073
6.27184	0.79412
6.2755	0.7986
6.27914	0.80464
6.28278	0.80994
6.28642	0.816
6.29008	0.82111
6.29372	0.82368
6.29736	0.82657
6.301	0.82893
6.30466	0.83194
6.3083	0.83231
6.31194	0.8325
6.31558	0.83218
6.31924	0.83068
6.32288	0.83007
6.32652	0.83091
6.33016	0.83056
6.33382	0.82868
6.33746	0.82432
6.3411	0.82174
6.34475	0.817
6.34839	0.81151
6.35203	0.80623
6.35567	0.79934
6.35932	0.79155
6.36296	0.78366
6.3666	0.77785
6.37024	0.77388
6.37389	0.76895
6.37753	0.76528
6.38116	0.76453
6.3848	0.76375
6.38846	0.76566
6.39209	0.76903
6.39573	0.77231
6.39936	0.77375
6.40302	0.7748
6.40665	0.77699
6.41029	0.77938
6.41394	0.77825
6.41758	0.77612
6.42121	0.77221
6.42485	0.76499
6.4285	0.75685
6.43213	0.74916
6.43577	0.74183
6.4394	0.73455
6.44305	0.72576
6.44669	0.72077
6.45032	0.71727
6.45395	0.71445
6.4576	0.71588
6.46124	0.71804
6.46487	0.71917
6.4685	0.72209
6.47215	0.72652
6.47578	0.73236
6.47941	0.73584
6.48306	0.7378
6.4867	0.74009
6.49033	0.73971
6.49396	0.73999
6.49761	0.74236
6.50124	0.74312
6.50487	0.74151
6.5085	0.73788
6.51215	0.73369
6.51578	0.73176
6.51941	0.72801
6.52304	0.72661
6.52668	0.72579
6.53031	0.72361
6.53394	0.72094
6.53757	0.72123
6.54122	0.72335
6.54484	0.72514
6.54847	0.72377
6.55212	0.72471
6.55575	0.72471
6.55938	0.72372
6.563	0.72289
6.56665	0.72144
6.57027	0.71758
6.5739	0.71308
6.57753	0.70853
6.58117	0.70607
6.5848	0.70443
6.58842	0.70207
6.59205	0.70034
6.5957	0.69749
6.59932	0.69627
6.60295	0.69627
6.60657	0.69675
6.61022	0.69683
6.61384	0.6962
6.61746	0.69484
6.62111	0.69615
6.62473	0.69586
6.62835	0.69586
6.63198	0.69442
6.63562	0.69511
6.63924	0.69715
6.64287	0.70122
6.64649	0.70579
6.65013	0.71019
6.65376	0.71213
6.65738	0.71522
6.661	0.71701
6.66464	0.71985
6.66826	0.72079
6.67188	0.71945
6.67552	0.71479
6.67915	0.70919
6.68277	0.70219
6.68639	0.69554
6.69003	0.68697
6.69365	0.67937
6.69727	0.67143
6.70089	0.6644
6.70453	0.65947
6.70815	0.65762
6.71176	0.65838
6.71538	0.66074
6.71902	0.66409
6.72264	0.66883
6.72626	0.67671
6.72988	0.68354
6.73351	0.69099
6.73713	0.69665
6.74075	0.70014
6.74439	0.70064
6.74801	0.69952
6.75162	0.69603
6.75524	0.69306
6.75887	0.68861
6.76249	0.68614
6.76611	0.68268
6.76973	0.68165
6.77336	0.68248
6.77698	0.68604
6.78059	0.69214
6.78421	0.69976
6.78784	0.70662
6.79146	0.71401
6.79507	0.72182
6.79869	0.72831
6.80232	0.7329
6.80593	0.73701
6.80955	0.73776
6.81318	0.73744
6.8168	0.73658
6.82041	0.73612
6.82402	0.73636
6.82766	0.73724
6.83127	0.73912
6.83488	0.74317
6.83849	0.74966
6.84213	0.75777
6.84574	0.76724
6.84935	0.77741
6.85296	0.78969
6.85659	0.80098
6.8602	0.81206
6.86381	0.82227
6.86742	0.8316
6.87106	0.84152
6.87467	0.85349
6.87828	0.86254
6.8819	0.8729
6.88551	0.88238
6.88912	0.89211
6.89274	0.90184
6.89636	0.91363
6.89997	0.92499
6.90358	0.93417
6.90719	0.94323
6.91082	0.95385
6.91443	0.96373
6.91803	0.97328
6.92164	0.98516
6.92527	0.99587
6.92888	1.00848
6.93248	1.02357
6.93609	1.04224
6.93972	1.06356
6.94332	1.08589
6.94693	1.11029
6.95056	1.1373
6.95416	1.16435
6.95777	1.19392
6.96138	1.22368
6.965	1.25405
6.96861	1.28482
6.97221	1.31533
6.97582	1.35062
6.97944	1.38579
6.98304	1.42096
6.98665	1.4567
6.99025	1.49139
6.99388	1.52569
6.99748	1.56173
7.00108	1.59611
7.00469	1.62948
7.00831	1.65917
7.01191	1.68615
7.01552	1.71124
7.01914	1.73285
7.02274	1.75131
7.02634	1.76455
7.02994	1.77235
7.03357	1.77775
7.03717	1.78138
7.04077	1.78083
7.04437	1.77899
7.04799	1.77129
7.05159	1.75977
7.05519	1.74539
7.05879	1.72784
7.06241	1.70934
7.06601	1.68708
7.06961	1.65976
7.07321	1.62948
7.07683	1.59645
7.08043	1.56305
7.08403	1.52884
7.08764	1.4949
7.09124	1.46166
7.09484	1.42673
7.09844	1.39309
7.10206	1.36208
7.10565	1.33281
7.10925	1.30475
7.11285	1.2781
7.11647	1.25317
7.12006	1.2282
7.12366	1.20642
7.12726	1.1852
7.13087	1.16666
7.13447	1.14642
7.13806	1.12724
7.14168	1.11024
7.14527	1.09499
7.14887	1.08053
7.15246	1.06876
7.15608	1.05643
7.15967	1.04519
7.16327	1.03337
7.16686	1.02238
7.17047	1.01135
7.17407	0.99866
7.17766	0.98466
7.18126	0.96908
7.18487	0.95296
7.18846	0.93644
7.19205	0.92085
7.19565	0.90517
7.19926	0.89164
7.20285	0.87833
7.20644	0.86849
7.21005	0.86297
7.21364	0.86071
7.21724	0.86081
7.22083	0.86185
7.22444	0.86263
7.22803	0.8645
7.23162	0.86648
7.23521	0.8676
7.23882	0.86676
7.24241	0.86241
7.246	0.85647
7.24959	0.8501
7.2532	0.84398
7.25678	0.83922
7.26037	0.83327
7.26396	0.82729
7.26757	0.82305
7.27116	0.82049
7.27475	0.82097
7.27835	0.82362
7.28194	0.82549
7.28553	0.82666
7.28912	0.82495
7.29272	0.82333
7.29631	0.8221
7.2999	0.82168
7.30348	0.81983
7.30709	0.81652
7.31067	0.81101
7.31426	0.80671
7.31784	0.8048
7.32145	0.80499
7.32503	0.80742
7.32862	0.80849
7.3322	0.80963
7.33581	0.81082
7.33939	0.81228
7.34298	0.81541
7.34658	0.81684
7.35016	0.81709
7.35374	0.81799
7.35733	0.81692
7.36093	0.81825
7.36451	0.8212
7.3681	0.82379
7.37168	0.82529
7.37528	0.82705
7.37886	0.82889
7.38244	0.83136
7.38603	0.83249
7.38962	0.83247
7.39321	0.83143
7.39679	0.82796
7.40037	0.82484
7.40397	0.8223
7.40755	0.82024
7.41113	0.81946
7.41473	0.81981
7.41831	0.8225
7.42189	0.82826
7.42546	0.83429
7.42906	0.84249
7.43264	0.85233
7.43622	0.86421
7.4398	0.87687
7.4434	0.89018
7.44697	0.90212
7.45055	0.91298
7.45413	0.92078
7.45772	0.92886
7.4613	0.93633
7.46488	0.94129
7.46846	0.94491
7.47205	0.94882
7.47563	0.953
7.4792	0.95896
7.4828	0.96774
7.48637	0.97932
7.48995	0.99095
7.49352	1.00273
7.49712	1.01795
7.50069	1.03382
7.50427	1.04837
7.50784	1.06326
7.51143	1.07652
7.51501	1.08791
7.51858	1.09846
7.52216	1.1102
7.52575	1.12516
7.52932	1.13907
7.53289	1.15526
7.53648	1.17487
7.54006	1.19661
7.54363	1.22399
7.5472	1.25385
7.55079	1.28789
7.55436	1.32432
7.55793	1.35998
7.56151	1.40074
7.5651	1.44363
7.56867	1.48767
7.57224	1.53393
7.57581	1.58165
7.5794	1.62995
7.58297	1.68115
7.58653	1.73381
7.59011	1.79041
7.59369	1.84756
7.59726	1.90539
7.60083	1.96421
7.60442	2.02141
7.60799	2.0767
7.61155	2.13467
7.61512	2.18976
7.61871	2.2441
7.62228	2.29614
7.62584	2.34801
7.62941	2.39845
7.633	2.44703
7.63656	2.49313
7.64013	2.53522
7.64369	2.57323
7.64728	2.6079
7.65084	2.6384
7.65441	2.66144
7.65798	2.67669
7.66156	2.68658
7.66512	2.69131
7.66869	2.68999
7.67227	2.68368
7.67584	2.6726
7.6794	2.65771
7.68296	2.63845
7.68654	2.61781
7.69011	2.59663
7.69367	2.57402
7.69723	2.54751
7.70081	2.5204
7.70438	2.49003
7.70794	2.45568
7.7115	2.4177
7.71508	2.37492
7.71864	2.32725
7.7222	2.27606
7.72576	2.22218
7.72934	2.16853
7.7329	2.11293
7.73646	2.05573
7.74004	1.99785
7.7436	1.94045
7.74716	1.88693
7.75072	1.83767
7.7543	1.78971
7.75786	1.74325
7.76142	1.69699
7.76498	1.65558
7.76855	1.61641
7.77211	1.57961
7.77567	1.54479
7.77923	1.51116
7.7828	1.48011
7.78636	1.45323
7.78992	1.42993
7.79348	1.40958
7.79705	1.38879
7.80061	1.37092
7.80416	1.35426
7.80774	1.33966
7.81129	1.32532
7.81485	1.31089
7.8184	1.29266
7.82198	1.27126
7.82553	1.24844
7.82909	1.22489
7.83264	1.2027
7.83621	1.18012
7.83977	1.15873
7.84332	1.14018
7.84687	1.12211
7.85045	1.10764
7.854	1.09599
7.85755	1.08661
7.86111	1.07893
7.86468	1.07141
7.86823	1.06672
7.87178	1.06069
7.87535	1.05406
7.8789	1.04855
7.88245	1.04218
7.886	1.03465
7.88957	1.02762
7.89312	1.01998
7.89667	1.01123
7.90022	1.0014
7.90379	0.98923
7.90734	0.97581
7.91089	0.96045
7.91444	0.94593
7.91801	0.93255
7.92156	0.92057
7.92511	0.90899
7.92865	0.89987
7.93222	0.89147
7.93577	0.88917
7.93931	0.88898
7.94288	0.89171
7.94643	0.89478
7.94998	0.89792
7.95352	0.89977
7.95709	0.902
7.96063	0.89977
7.96418	0.89656
7.96772	0.88799
7.97129	0.87608
7.97483	0.86379
7.97838	0.85212
7.98192	0.84157
7.98549	0.82919
7.98903	0.81862
7.99258	0.81171
7.99614	0.80669
7.99968	0.8036
8.00322	0.80562
8.00677	0.80673
8.01033	0.80561
8.01387	0.80269
8.01741	0.80282
8.02096	0.80198
8.02452	0.80252
8.02806	0.80155
8.0316	0.80391
8.03514	0.80215
8.0387	0.80201
8.04224	0.80321
8.04578	0.80704
8.04932	0.80829
8.05288	0.80883
8.05642	0.8094
8.05996	0.81121
8.06352	0.81028
8.06706	0.80961
8.0706	0.80702
8.07414	0.80229
8.07769	0.79531
8.08123	0.78936
8.08477	0.78353
8.08831	0.77741
8.09186	0.77129
8.0954	0.76488
8.09894	0.7602
8.10248	0.75421
8.10603	0.75212
8.10957	0.7522
8.1131	0.75558
8.11664	0.75899
8.12019	0.76222
8.12373	0.76564
8.12726	0.772
8.13082	0.7767
8.13435	0.78268
8.13789	0.78743
8.14142	0.79111
8.14498	0.79246
8.14851	0.79321
8.15204	0.79307
8.15558	0.79413
8.15913	0.79257
8.16266	0.79393
8.16619	0.79546
8.16973	0.79857
8.17328	0.80337
8.17681	0.80757
8.18034	0.8128
8.18387	0.81725
8.18742	0.81985
8.19095	0.8234
8.19448	0.82619
8.19803	0.82631
8.20156	0.82455
8.20509	0.82215
8.20862	0.8196
8.21217	0.81749
8.2157	0.81854
8.21923	0.82
8.22276	0.82214
8.22631	0.82365
8.22983	0.82989
8.23336	0.83647
8.23689	0.84137
8.24044	0.84644
8.24397	0.85099
8.24749	0.85395
8.25102	0.8565
8.25456	0.85763
8.25809	0.85909
8.26162	0.858
8.26516	0.85594
8.26869	0.85544
8.27221	0.85652
8.27574	0.85791
8.27928	0.85986
8.28281	0.86499
8.28633	0.87144
8.28986	0.87927
8.2934	0.88809
8.29692	0.8973
8.30045	0.90775
8.30397	0.91568
8.30751	0.92417
8.31104	0.93199
8.31456	0.93577
8.31808	0.93846
8.32162	0.94002
8.32514	0.94032
8.32867	0.94054
8.33221	0.93905
8.33573	0.93922
8.33925	0.93942
8.34277	0.94007
8.34631	0.94226
8.34983	0.94678
8.35335	0.9505
8.35687	0.95457
8.36041	0.95565
8.36393	0.95612
8.36745	0.95829
8.37097	0.95901
8.3745	0.95899
8.37802	0.95883
8.38154	0.95456
8.38506	0.95176
8.38859	0.94971
8.39211	0.94995
8.39563	0.95259
8.39916	0.95611
8.40268	0.9641
8.4062	0.97533
8.40971	0.99017
8.41325	1.00871
8.41676	1.02877
8.42028	1.0485
8.4238	1.06918
8.42733	1.08762
8.43084	1.10467
8.43436	1.12083
8.43787	1.13482
8.4414	1.14845
8.44492	1.16145
8.44843	1.17303
8.45196	1.18915
8.45548	1.20656
8.45899	1.2263
8.4625	1.24892
8.46603	1.27326
8.46955	1.30313
8.47306	1.33478
8.47657	1.36882
8.4801	1.40437
8.48361	1.43904
8.48712	1.47414
8.49063	1.5112
8.49416	1.54771
8.49767	1.58466
8.50118	1.61909
8.50469	1.65204
8.50822	1.68729
8.51173	1.72379
8.51524	1.76438
8.51877	1.81064
8.52227	1.85752
8.52578	1.9082
8.52929	1.96363
8.53282	2.02411
8.53632	2.08934
8.53983	2.15672
8.54334	2.23013
8.54686	2.30851
8.55037	2.39018
8.55388	2.47762
8.55738	2.56895
8.56091	2.65941
8.56441	2.75145
8.56792	2.84039
8.57142	2.92869
8.57495	3.0153
8.57845	3.09544
8.58196	3.1708
8.58548	3.23969
8.58898	3.29996
8.59249	3.35528
8.59599	3.40363
8.59951	3.44619
8.60301	3.47974
8.60652	3.50336
8.61002	3.52042
8.61354	3.5299
8.61704	3.53126
8.62054	3.52615
8.62405	3.51355
8.62756	3.49196
8.63106	3.46828
8.63457	3.43812
8.63807	3.40415
8.64158	3.36619
8.64508	3.32386
8.64858	3.28092
8.6521	3.23726
8.6556	3.19356
8.6591	3.15216
8.6626	3.11115
8.66612	3.06951
8.66961	3.02597
8.67311	2.97795
8.67661	2.92723
8.68013	2.87463
8.68362	2.819
8.68712	2.7606
8.69062	2.69733
8.69413	2.6283
8.69763	2.56334
8.70112	2.4959
8.70462	2.43128
8.70813	2.36921
8.71163	2.30742
8.71512	2.2468
8.71864	2.18607
8.72213	2.12918
8.72563	2.07418
8.72912	2.01755
8.73263	1.96256
8.73612	1.90768
8.73962	1.85348
8.74311	1.79938
8.74662	1.74741
8.75011	1.69716
8.75361	1.64763
8.7571	1.60155
8.76061	1.55961
8.7641	1.52462
8.76759	1.49224
8.77108	1.46313
8.77459	1.43919
8.77808	1.41772
8.78157	1.39962
8.78508	1.38383
8.78857	1.3716
8.79206	1.36071
8.79555	1.35293
8.79905	1.34974
8.80254	1.34835
8.80603	1.34666
8.80952	1.34275
8.81303	1.33939
8.81651	1.33599
8.82	1.3308
8.82349	1.32465
8.82699	1.31237
8.83048	1.29549
8.83397	1.27442
8.83747	1.25389
8.84096	1.23538
8.84444	1.2167
8.84793	1.19803
8.85143	1.17804
8.85492	1.1581
8.8584	1.14199
8.86188	1.13018
8.86539	1.12073
8.86887	1.11125
8.87236	1.10168
8.87584	1.09387
8.87934	1.08828
8.88282	1.08452
8.88631	1.08332
8.88979	1.08388
8.89329	1.08303
8.89677	1.08495
8.90025	1.08821
8.90375	1.09555
8.90723	1.1039
8.91071	1.11142
8.91419	1.1201
8.91769	1.12637
8.92117	1.13193
8.92465	1.14061
8.92813	1.1496
8.93163	1.15735
8.93511	1.16276
8.93859	1.1641
8.94206	1.16708
8.94556	1.16681
8.94904	1.16785
8.95252	1.17099
8.95599	1.1705
8.95949	1.16686
8.96297	1.1664
8.96644	1.16769
8.96994	1.17141
8.97341	1.17534
8.97689	1.18313
8.98037	1.19521
8.98386	1.20798
8.98733	1.22494
8.99081	1.24666
8.99428	1.26965
8.99778	1.29448
9.00125	1.32114
9.00473	1.3454
9.0082	1.37102
9.01169	1.39183
9.01516	1.4117
9.01864	1.43206
9.02211	1.44767
9.0256	1.46202
9.02907	1.47574
9.03254	1.48786
9.03603	1.50048
9.0395	1.51404
9.04298	1.53227
9.04645	1.55228
9.04993	1.57332
9.0534	1.59782
9.05687	1.62316
9.06034	1.65314
9.06383	1.68654
9.0673	1.72266
9.07077	1.76043
9.07424	1.79855
9.07772	1.8369
9.08119	1.87787
9.08466	1.92384
9.08813	1.97112
9.09161	2.01604
9.09508	2.06187
9.09855	2.10892
9.10203	2.1564
9.1055	2.20255
9.10896	2.24611
9.11243	2.28482
9.11591	2.31518
9.11938	2.33947
9.12284	2.3582
9.12631	2.37354
9.12979	2.38309
9.13326	2.38564
9.13672	2.38355
9.14019	2.37254
9.14367	2.35779
9.14713	2.34255
9.15059	2.327
9.15405	2.3073
9.15753	2.28109
9.161	2.25452
9.16446	2.22571
9.16794	2.19543
9.1714	2.16762
9.17486	2.13634
9.17832	2.10476
9.1818	2.07063
9.18526	2.04077
9.18872	2.01462
9.19218	1.98797
9.19566	1.96294
9.19912	1.93703
9.20258	1.90956
9.20604	1.88386
9.20951	1.85824
9.21297	1.83221
9.21643	1.80137
9.21989	1.76483
9.22336	1.72487
9.22682	1.68439
9.23028	1.64206
9.23375	1.60158
9.23721	1.56038
9.24066	1.51697
9.24412	1.47494
9.24759	1.43423
9.25105	1.39906
9.2545	1.36771
9.25796	1.33587
9.26143	1.30763
9.26488	1.28194
9.26834	1.25812
9.27179	1.24066
9.27526	1.22358
9.27872	1.20788
9.28217	1.19274
9.28564	1.17794
9.28909	1.16556
9.29254	1.15448
9.296	1.14147
9.29946	1.12946
9.30292	1.11267
9.30637	1.09638
9.30982	1.08069
9.31329	1.06618
9.31674	1.05209
9.32019	1.03873
9.32364	1.02752
9.3271	1.01741
9.33055	1.00795
9.334	1.00033
9.33745	0.9954
9.34092	0.99068
9.34436	0.98493
9.34781	0.97983
9.35128	0.97208
9.35473	0.96046
9.35817	0.94762
9.36162	0.93368
9.36508	0.91949
9.36853	0.90448
9.37198	0.89356
9.37542	0.88458
9.37889	0.8765
9.38233	0.86974
9.38578	0.86884
9.38922	0.86976
9.39268	0.86801
9.39613	0.86901
9.39957	0.86994
9.40301	0.86822
9.40648	0.86401
9.40992	0.85891
9.41336	0.85469
9.41682	0.84531
9.42026	0.83842
9.4237	0.83592
9.42715	0.83312
9.43061	0.8306
9.43405	0.82976
9.43749	0.8303
9.44093	0.82949
9.44439	0.82746
9.44783	0.82685
9.45127	0.8248
9.45471	0.81961
9.45816	0.81316
9.4616	0.80943
9.46504	0.80464
9.46848	0.80131
9.47193	0.79929
9.47537	0.79951
9.47881	0.80171
9.48226	0.80262
9.4857	0.8067
9.48914	0.81045
9.49258	0.81291
9.49603	0.81237
9.49947	0.80986
9.5029	0.80548
9.50634	0.79956
9.50979	0.79185
9.51322	0.78441
9.51666	0.77618
9.52009	0.76961
9.52355	0.76375
9.52698	0.76201
9.53041	0.76248
9.53384	0.76486
9.5373	0.76724
9.54073	0.77179
9.54416	0.77803
9.54761	0.78383
9.55104	0.79078
9.55447	0.79677
9.55791	0.8027
9.56136	0.80702
9.56479	0.81367
9.56822	0.82012
9.57165	0.82431
9.57509	0.82648
9.57852	0.82881
9.58195	0.82962
9.58538	0.82725
9.58883	0.82285
9.59226	0.81706
9.59568	0.81007
9.59911	0.80207
9.60256	0.79305
9.60599	0.78725
9.60941	0.7805
9.61286	0.77355
9.61628	0.76932
9.61971	0.76546
9.62314	0.76411
9.62658	0.76464
9.63001	0.76705
9.63343	0.77132
9.63686	0.7733
9.6403	0.77658
9.64372	0.78031
9.64715	0.78395
9.65057	0.78516
9.65401	0.78833
9.65744	0.7904
9.66086	0.79432
9.66428	0.79543
9.66772	0.7962
9.67114	0.7965
9.67457	0.79312
9.67801	0.78852
9.68143	0.78573
9.68485	0.77949
9.68827	0.77173
9.69171	0.76405
9.69513	0.75815
9.69855	0.75391
9.70197	0.75151
9.7054	0.75321
9.70882	0.75476
9.71224	0.75877
9.71566	0.76441
9.7191	0.77502
9.72251	0.78455
9.72593	0.79676
9.72937	0.8078
9.73278	0.81775
9.7362	0.82547
9.73962	0.83368
9.74305	0.83953
9.74647	0.84503
9.74988	0.84539
9.7533	0.84606
9.75673	0.84469
9.76015	0.84484
9.76356	0.84517
9.76698	0.8464
9.77041	0.84766
9.77382	0.84783
9.77723	0.84621
9.78065	0.84459
9.78408	0.843
9.78749	0.8431
9.79091	0.84412
9.79433	0.84335
9.79775	0.8438
9.80116	0.8467
9.80457	0.85521
9.808	0.8654
9.81141	0.87814
9.81482	0.89149
9.81823	0.90313
9.82166	0.91567
9.82507	0.9308
9.82848	0.94702
9.83188	0.96155
9.83531	0.97456
9.83872	0.9879
9.84213	0.99993
9.84554	1.01203
9.84896	1.02791
9.85237	1.04569
9.85577	1.06412
9.8592	1.08313
9.86261	1.10816
9.86601	1.13661
9.86942	1.16876
9.87284	1.2017
9.87625	1.2367
9.87965	1.27099
9.88306	1.30479
9.88648	1.34236
9.88988	1.37969
9.89329	1.4146
9.89669	1.44469
9.90011	1.47713
9.90352	1.51241
9.90692	1.54437
9.91032	1.57456
9.91374	1.60216
9.91714	1.6245
9.92054	1.64618
9.92396	1.66346
9.92736	1.67868
9.93076	1.68901
9.93417	1.69467
9.93758	1.69851
9.94098	1.70068
9.94438	1.70037
9.94778	1.69986
9.9512	1.69611
9.9546	1.69293
9.958	1.68793
9.96139	1.68125
9.96481	1.67748
9.96821	1.67497
9.97161	1.67072
9.975	1.66603
9.97842	1.65793
9.98181	1.64762
9.98521	1.63705
9.98862	1.62506
9.99202	1.61141
9.99541	1.59619
9.99881	1.57678
10.0022	1.55684
10.0056	1.53556
10.009	1.51447
10.0124	1.49415
10.0158	1.47325
10.0192	1.45659
10.0226	1.43904
10.026	1.42182
10.0294	1.40745
10.0328	1.39212
10.0362	1.37953
10.0396	1.36709
10.043	1.35438
10.0464	1.34087
10.0498	1.32697
10.0532	1.31316
10.0566	1.29656
10.06	1.27642
10.0633	1.25551
10.0668	1.23544
10.0701	1.21315
10.0735	1.1924
10.0769	1.17106
10.0803	1.15024
10.0837	1.12876
10.0871	1.10727
10.0905	1.08955
10.0939	1.07328
10.0973	1.05673
10.1007	1.04848
10.1041	1.03939
10.1075	1.03239
10.1108	1.02499
10.1142	1.01978
10.1176	1.01473
10.121	1.00983
10.1244	1.00548
10.1278	1.00183
10.1312	0.99556
10.1346	0.98954
10.138	0.98217
10.1413	0.9735
10.1447	0.96639
10.1481	0.95922
10.1515	0.95705
10.1549	0.95887
10.1583	0.96107
10.1617	0.96649
10.165	0.97778
10.1684	0.99151
10.1718	1.00856
10.1752	1.02427
10.1786	1.0424
10.182	1.05839
10.1854	1.0735
10.1887	1.08767
10.1921	1.0966
10.1955	1.09986
10.1989	1.10006
10.2023	1.09642
10.2056	1.09219
10.209	1.0888
10.2124	1.08599
10.2158	1.08298
10.2192	1.07887
10.2226	1.07672
10.2259	1.07743
10.2293	1.08316
10.2327	1.08861
10.2361	1.094
10.2395	1.09789
10.2428	1.10154
10.2462	1.10521
10.2496	1.10856
10.253	1.11142
10.2563	1.11243
10.2597	1.11242
10.2631	1.11627
10.2665	1.12411
10.2698	1.13501
10.2732	1.14996
10.2766	1.16847
10.28	1.18914
10.2834	1.21354
10.2867	1.24236
10.2901	1.27293
10.2935	1.30739
10.2969	1.34222
10.3002	1.37804
10.3036	1.41266
10.307	1.44827
10.3104	1.48676
10.3137	1.53009
10.3171	1.57326
10.3205	1.62033
10.3238	1.66821
10.3272	1.71964
10.3306	1.77254
10.3339	1.82676
10.3373	1.88086
10.3407	1.93542
10.3441	1.98624
10.3474	2.03946
10.3508	2.08856
10.3542	2.13471
10.3575	2.179
10.3609	2.21969
10.3643	2.25391
10.3676	2.28608
10.371	2.31753
10.3744	2.34787
10.3778	2.37506
10.3811	2.39751
10.3845	2.41819
10.3879	2.43175
10.3912	2.44296
10.3946	2.45368
10.3979	2.45848
10.4013	2.46007
10.4047	2.45853
10.408	2.45475
10.4114	2.45221
10.4148	2.44526
10.4181	2.43812
10.4215	2.42937
10.4249	2.41757
10.4282	2.40633
10.4316	2.39247
10.4349	2.37637
10.4383	2.3571
10.4417	2.3337
10.445	2.31154
10.4484	2.28762
10.4518	2.26182
10.4551	2.23591
10.4585	2.20923
10.4618	2.18272
10.4652	2.15585
10.4685	2.12742
10.4719	2.09917
10.4753	2.06767
10.4786	2.03349
10.482	1.99703
10.4853	1.95919
10.4887	1.91969
10.4921	1.87822
10.4954	1.83261
10.4987	1.78648
10.5021	1.74127
10.5055	1.69762
10.5088	1.65905
10.5122	1.6234
10.5155	1.58925
10.5189	1.55744
10.5222	1.52596
10.5256	1.50069
10.529	1.47716
10.5323	1.45333
10.5357	1.42966
10.539	1.40569
10.5424	1.37982
10.5457	1.35702
10.5491	1.33492
10.5524	1.31595
10.5558	1.29495
10.5591	1.2746
10.5625	1.25769
10.5658	1.24409
10.5692	1.23071
10.5725	1.22132
10.5759	1.20864
10.5792	1.19708
10.5826	1.18583
10.5859	1.1725
10.5892	1.16315
10.5926	1.15351
10.596	1.14212
10.5993	1.13114
10.6027	1.12014
10.606	1.10804
10.6093	1.09787
10.6127	1.08673
10.616	1.08011
10.6194	1.07242
10.6227	1.06515
10.6261	1.05737
10.6294	1.05055
10.6327	1.04468
10.6361	1.0424
10.6394	1.03746
10.6428	1.03639
10.6461	1.03442
10.6495	1.02977
10.6528	1.02765
10.6562	1.02529
10.6595	1.02308
10.6628	1.01846
10.6662	1.01272
10.6695	1.00631
10.6729	0.99772
10.6762	0.98663
10.6795	0.97729
10.6829	0.96547
10.6862	0.95296
10.6896	0.93571
10.6929	0.92248
10.6962	0.91068
10.6996	0.90004
10.7029	0.88985
10.7063	0.88537
10.7096	0.88406
10.7129	0.88394
10.7163	0.88912
10.7196	0.89771
10.7229	0.90695
10.7263	0.91672
10.7296	0.92743
10.7329	0.93679
10.7363	0.94308
10.7396	0.9464
10.7429	0.94977
10.7463	0.95054
10.7496	0.95253
10.7529	0.95094
10.7563	0.95043
10.7596	0.95036
10.7629	0.95217
10.7662	0.95613
10.7696	0.96161
10.7729	0.96559
10.7762	0.96646
10.7796	0.9661
10.7829	0.96044
10.7862	0.95195
10.7896	0.93981
10.7929	0.9249
10.7962	0.90628
10.7996	0.88653
10.8029	0.86525
10.8062	0.84476
10.8095	0.82379
10.8129	0.81139
10.8162	0.80071
10.8195	0.79653
10.8229	0.79549
10.8262	0.79969
10.8295	0.80367
10.8328	0.8101
10.8362	0.81781
10.8395	0.82639
10.8428	0.83419
10.8461	0.84049
10.8494	0.84738
10.8528	0.85242
10.8561	0.85576
10.8594	0.85739
10.8627	0.85928
10.8661	0.86145
10.8694	0.86348
10.8727	0.86605
10.876	0.87543
10.8794	0.88264
10.8827	0.89328
10.886	0.90218
10.8893	0.91452
10.8926	0.92555
10.896	0.93868
10.8993	0.95349
10.9026	0.96809
10.9059	0.97938
10.9092	0.98624
10.9125	0.99146
10.9159	0.99648
10.9192	0.99932
10.9225	1.00255
10.9258	1.00559
10.9291	1.00842
10.9325	1.01027
10.9358	1.01303
10.9391	1.02018
10.9424	1.02511
10.9457	1.03135
10.949	1.03836
10.9523	1.04404
10.9557	1.04894
10.959	1.05472
10.9623	1.05936
10.9656	1.05939
10.9689	1.0577
10.9722	1.05511
10.9755	1.05675
10.9788	1.05789
10.9822	1.06137
10.9855	1.06596
10.9888	1.06877
10.9921	1.0762
10.9954	1.08792
10.9987	1.10333
11.002	1.12402
11.0053	1.14267
11.0086	1.16567
11.0119	1.18859
11.0152	1.21136
11.0185	1.23796
11.0219	1.26309
11.0252	1.28671
11.0285	1.31053
11.0318	1.33663
11.0351	1.36124
11.0384	1.38763
11.0417	1.41229
11.045	1.44063
11.0483	1.46901
11.0516	1.50015
11.0549	1.53556
11.0582	1.57214
11.0615	1.60508
11.0648	1.63957
11.0681	1.67276
11.0715	1.7121
11.0747	1.74674
11.078	1.78136
11.0813	1.8137
11.0847	1.84403
11.0879	1.87274
11.0913	1.90402
11.0946	1.9341
11.0979	1.95898
11.1012	1.98009
11.1044	1.99817
11.1078	2.01521
11.1111	2.02994
11.1143	2.03794
11.1176	2.04132
11.121	2.03818
11.1242	2.0297
11.1275	2.02193
11.1308	2.01202
11.1341	2.00502
11.1374	1.99318
11.1407	1.98025
11.144	1.96943
11.1473	1.96044
11.1506	1.95212
11.1539	1.94795
11.1572	1.9404
11.1605	1.92953
11.1638	1.91489
11.1671	1.90061
11.1704	1.88598
11.1737	1.87205
11.177	1.85113
11.1802	1.83173
11.1836	1.80957
11.1868	1.79003
11.1901	1.77308
11.1934	1.75934
11.1967	1.74562
11.2	1.72942
11.2033	1.71002
11.2066	1.69392
11.2099	1.67358
11.2132	1.65198
11.2165	1.62699
11.2197	1.59685
11.223	1.56413
11.2263	1.53213
11.2296	1.50143
11.2329	1.47251
11.2362	1.44448
11.2395	1.41592
11.2427	1.39094
11.246	1.36917
11.2493	1.3532
11.2526	1.34036
11.2559	1.32744
11.2592	1.31058
11.2625	1.29181
11.2657	1.27111
11.269	1.2513
11.2723	1.22688
11.2756	1.20148
11.2789	1.17615
11.2822	1.14852
11.2854	1.12329
11.2887	1.10234
11.292	1.08381
11.2953	1.06709
11.2986	1.05326
11.3018	1.04364
11.3051	1.03441
11.3084	1.02732
11.3117	1.0235
11.315	1.01982
11.3182	1.0167
11.3215	1.01435
11.3248	1.01608
11.3281	1.01916
11.3314	1.02375
11.3346	1.0307
11.3379	1.03772
11.3412	1.04587
11.3445	1.05078
11.3477	1.05672
11.351	1.06155
11.3543	1.06264
11.3576	1.06306
11.3608	1.06077
11.3641	1.05724
11.3674	1.04804
11.3707	1.03366
11.3739	1.01968
11.3772	1.005
11.3805	0.99038
11.3837	0.97715
11.387	0.9658
11.3903	0.9541
11.3936	0.94436
11.3968	0.93876
11.4001	0.93833
11.4034	0.94171
11.4067	0.94736
11.4099	0.95808
11.4132	0.97177
11.4164	0.9834
11.4197	0.99912
11.423	1.01252
11.4262	1.02792
11.4295	1.03917
11.4328	1.04745
11.4361	1.0569
11.4393	1.06278
11.4426	1.06303
11.4459	1.06588
11.4491	1.06889
11.4524	1.07371
11.4557	1.07743
11.4589	1.08358
11.4622	1.09538
11.4654	1.10728
11.4687	1.12183
11.472	1.1432
11.4752	1.16494
11.4785	1.18718
11.4818	1.21295
11.485	1.242
11.4883	1.27562
11.4915	1.30757
11.4948	1.33959
11.4981	1.37172
11.5013	1.39979
11.5046	1.42473
11.5078	1.44977
11.5111	1.46934
11.5144	1.48415
11.5176	1.48929
11.5209	1.49002
11.5241	1.4875
11.5274	1.48129
11.5307	1.4727
11.5339	1.46129
11.5372	1.44731
11.5404	1.43273
11.5437	1.41745
11.5469	1.40524
11.5502	1.39314
11.5534	1.38069
11.5567	1.36727
11.56	1.35651
11.5632	1.34549
11.5665	1.33303
11.5697	1.32362
11.573	1.31412
11.5762	1.30935
11.5795	1.30518
11.5827	1.30022
11.586	1.29992
11.5892	1.29955
11.5925	1.29862
11.5957	1.2993
11.599	1.29887
11.6022	1.29859
11.6055	1.29393
11.6087	1.28835
11.612	1.28342
11.6152	1.27314
11.6185	1.262
11.6217	1.25267
11.625	1.23616
11.6282	1.21712
11.6315	1.19991
11.6347	1.18148
11.638	1.16227
11.6412	1.14071
11.6445	1.11978
11.6477	1.10033
11.6509	1.0796
11.6542	1.06325
11.6574	1.05001
11.6607	1.03349
11.6639	1.02026
11.6672	1.00927
11.6704	1.00195
11.6737	0.99687
11.6769	0.98916
11.6801	0.98483
11.6834	0.98045
11.6866	0.97311
11.6898	0.96764
11.6931	0.96162
11.6963	0.95325
11.6996	0.94191
11.7028	0.93393
11.7061	0.92867
11.7093	0.92122
11.7125	0.91424
11.7158	0.90963
11.719	0.90627
11.7223	0.90016
11.7255	0.89534
11.7287	0.89306
11.732	0.8868
11.7352	0.87891
11.7384	0.87039
11.7417	0.86509
11.7449	0.86039
11.7481	0.85297
11.7514	0.8471
11.7546	0.8413
11.7578	0.8352
11.7611	0.82996
11.7643	0.82481
11.7675	0.82305
11.7708	0.81943
11.774	0.81592
11.7773	0.81577
11.7805	0.81634
11.7837	0.816
11.7869	0.81351
11.7902	0.81142
11.7934	0.80872
11.7966	0.80519
11.7998	0.80453
11.8031	0.80358
11.8063	0.79678
11.8095	0.78968
11.8128	0.78499
11.816	0.78242
11.8192	0.7814
11.8224	0.7843
11.8257	0.78454
11.8289	0.7841
11.8321	0.7827
11.8354	0.78739
11.8386	0.79486
11.8418	0.80309
11.845	0.80915
11.8483	0.81106
11.8515	0.80959
11.8547	0.8093
11.8579	0.80546
11.8611	0.80157
11.8644	0.79146
11.8676	0.77517
11.8708	0.75928
11.8741	0.74505
11.8773	0.73368
11.8805	0.7236
11.8837	0.71723
11.8869	0.71114
11.8902	0.70899
11.8934	0.71468
11.8966	0.7305
11.8998	0.74523
11.903	0.76025
11.9062	0.77295
11.9094	0.78512
11.9127	0.79591
11.9159	0.80798
11.9191	0.81456
11.9223	0.81664
11.9255	0.80948
11.9288	0.7967
11.932	0.78564
11.9352	0.77786
11.9384	0.77299
11.9416	0.76769
11.9448	0.76312
11.9481	0.7615
11.9513	0.76338
11.9545	0.76862
11.9577	0.78091
11.9609	0.78638
11.9641	0.79085
11.9673	0.79309
11.9705	0.79508
11.9738	0.79787
11.977	0.79851
11.9802	0.79623
11.9834	0.79299
11.9866	0.78689
11.9898	0.78723
11.993	0.79051
11.9962	0.79451
11.9994	0.79891
12.0026	0.79867
12.0058	0.80101
12.0091	0.80555
12.0122	0.81427
12.0155	0.82525
12.0187	0.83495
12.0219	0.83854
12.0251	0.8424
12.0283	0.84315
12.0315	0.84514
12.0347	0.84399
12.0379	0.83962
12.0411	0.83193
12.0443	0.82347
12.0475	0.81459
12.0507	0.80988
12.0539	0.80377
12.0571	0.80163
12.0603	0.80176
12.0635	0.80375
12.0667	0.80951
12.0699	0.81672
12.0731	0.82622
12.0763	0.83796
12.0795	0.84773
12.0827	0.85862
12.0859	0.86673
12.0891	0.87445
12.0923	0.88307
12.0955	0.89334
12.0987	0.9031
12.1019	0.91197
12.1051	0.91889
12.1083	0.92672
12.1115	0.93607
12.1147	0.94868
12.1179	0.96254
12.1211	0.97532
12.1243	0.988
12.1275	1.00182
12.1307	1.01758
12.1339	1.03341
12.1371	1.04885
12.1402	1.05959
12.1434	1.06896
12.1466	1.07173
12.1498	1.07557
12.153	1.07455
12.1562	1.07198
12.1594	1.06165
12.1626	1.05128
12.1658	1.0399
12.169	1.02782
12.1722	1.01917
12.1753	1.01791
12.1785	1.01453
12.1817	1.01495
12.1849	1.02019
12.1881	1.03063
12.1913	1.04262
12.1945	1.05304
12.1977	1.06581
12.2008	1.07546
12.204	1.08099
12.2072	1.08635
12.2104	1.09261
12.2136	1.0938
12.2168	1.09499
12.22	1.09473
12.2231	1.09599
12.2263	1.09722
12.2295	1.09898
12.2327	1.10692
12.2359	1.1126
12.2391	1.11377
12.2422	1.11558
12.2454	1.11671
12.2486	1.11356
12.2518	1.10595
12.255	1.09439
12.2581	1.08224
12.2613	1.06361
12.2645	1.04408
12.2677	1.0239
12.2709	0.99866
12.274	0.97162
12.2772	0.9466
12.2804	0.92422
12.2836	0.90512
12.2868	0.88848
12.2899	0.87664
12.2931	0.86507
12.2963	0.85403
12.2995	0.84963
12.3026	0.84646
12.3058	0.84801
12.309	0.85249
12.3122	0.85765
12.3153	0.8603
12.3185	0.86386
12.3217	0.87041
12.3248	0.877
12.328	0.87863
12.3312	0.88269
12.3344	0.88405
12.3375	0.88729
12.3407	0.89298
12.3439	0.90014
12.347	0.90624
12.3502	0.91349
12.3534	0.91831
12.3566	0.92742
12.3597	0.9348
12.3629	0.94093
12.3661	0.94721
12.3692	0.95084
12.3724	0.95416
12.3756	0.955
12.3787	0.95669
12.3819	0.96218
12.3851	0.96598
12.3882	0.97128
12.3914	0.97853
12.3946	0.97862
12.3977	0.98479
12.4009	0.98806
12.404	0.99228
12.4072	0.99694
12.4104	1.00334
12.4135	1.00953
12.4167	1.01419
12.4199	1.01476
12.423	1.02292
12.4262	1.02986
12.4293	1.03935
12.4325	1.05112
12.4357	1.06013
12.4388	1.07006
12.442	1.08192
12.4451	1.09424
12.4483	1.1115
12.4515	1.12309
12.4546	1.13125
12.4578	1.14085
12.4609	1.14863
12.4641	1.16021
12.4673	1.17361
12.4704	1.18999
12.4736	1.21052
12.4767	1.23118
12.4799	1.25786
12.483	1.29198
12.4862	1.32706
12.4893	1.36353
12.4925	1.39797
12.4956	1.43117
12.4988	1.46405
12.5019	1.49296
12.5051	1.52611
12.5083	1.55787
12.5114	1.58271
12.5146	1.607
12.5177	1.63029
12.5209	1.65565
12.524	1.67963
12.5272	1.70175
12.5303	1.72437
12.5335	1.74188
12.5366	1.75766
12.5398	1.77282
12.5429	1.78262
12.546	1.78959
12.5492	1.78848
12.5524	1.78262
12.5555	1.77386
12.5586	1.76056
12.5618	1.74341
12.5649	1.72229
12.5681	1.69578
12.5712	1.67145
12.5744	1.64597
12.5775	1.62348
12.5807	1.60308
12.5838	1.5843
12.5869	1.56752
12.5901	1.55564
12.5932	1.54867
12.5964	1.54941
12.5995	1.55017
12.6027	1.55045
12.6058	1.55418
12.6089	1.55552
12.6121	1.55757
12.6152	1.55828
12.6183	1.55553
12.6215	1.54934
12.6246	1.53914
12.6278	1.52801
12.6309	1.51825
12.6341	1.50463
12.6372	1.49293
12.6403	1.48243
12.6434	1.47527
12.6466	1.46622
12.6497	1.45861
12.6529	1.45262
12.656	1.44613
12.6591	1.44008
12.6623	1.43477
12.6654	1.4273
12.6685	1.41122
12.6717	1.39049
12.6748	1.37086
12.6779	1.34792
12.6811	1.32418
12.6842	1.2996
12.6873	1.27004
12.6905	1.23525
12.6936	1.20238
12.6967	1.17312
12.6998	1.14961
12.703	1.12697
12.7061	1.10702
12.7092	1.08759
12.7124	1.06885
12.7155	1.05449
12.7186	1.04682
12.7217	1.04088
12.7249	1.03632
12.728	1.03186
12.7311	1.03127
12.7342	1.03445
12.7374	1.03688
12.7405	1.04282
12.7436	1.05054
12.7468	1.05696
12.7499	1.06418
12.753	1.07626
12.7561	1.086
12.7592	1.09578
12.7624	1.10273
12.7655	1.10587
12.7686	1.10301
12.7717	1.09577
12.7748	1.089
12.778	1.08019
12.7811	1.06837
12.7842	1.05542
12.7873	1.03877
12.7905	1.02122
12.7936	1.00831
12.7967	0.99811
12.7998	0.98926
12.8029	0.98332
12.806	0.97848
12.8092	0.97329
12.8123	0.96863
12.8154	0.9651
12.8185	0.96498
12.8216	0.96582
12.8247	0.9664
12.8279	0.96829
12.831	0.96856
12.8341	0.96891
12.8372	0.96942
12.8403	0.97012
12.8434	0.97247
12.8465	0.97457
12.8497	0.97351
12.8528	0.97249
12.8559	0.96665
12.859	0.96204
12.8621	0.95653
12.8652	0.94601
12.8683	0.93362
12.8714	0.92041
12.8745	0.90484
12.8776	0.89352
12.8807	0.88326
12.8839	0.87746
12.887	0.87135
12.8901	0.86723
12.8932	0.86901
12.8963	0.87479
12.8994	0.88352
12.9025	0.89628
12.9056	0.90915
12.9087	0.9208
12.9118	0.93359
12.9149	0.94631
12.918	0.96057
12.9211	0.97093
12.9242	0.97879
12.9273	0.9825
12.9304	0.98313
12.9335	0.98274
12.9366	0.98527
12.9397	0.98812
12.9428	0.99149
12.9459	0.9911
12.949	0.99117
12.9521	0.9972
12.9552	1.00358
12.9583	1.01341
12.9614	1.02328
12.9645	1.03391
12.9676	1.04453
12.9707	1.05276
12.9738	1.06201
12.9769	1.07648
12.98	1.08727
12.9831	1.0988
12.9862	1.10369
12.9893	1.10869
12.9924	1.11394
12.9955	1.12279
12.9986	1.13323
13.0017	1.14203
13.0048	1.14423
13.0079	1.1478
13.011	1.15406
13.0141	1.16473
13.0172	1.17745
13.0203	1.18881
13.0233	1.20266
13.0264	1.22148
13.0295	1.2444
13.0326	1.2727
13.0357	1.30402
13.0388	1.33319
13.0419	1.3661
13.045	1.40006
13.0481	1.43527
13.0511	1.46521
13.0542	1.4928
13.0573	1.51504
13.0604	1.53499
13.0635	1.55061
13.0666	1.5734
13.0697	1.59454
13.0728	1.61593
13.0758	1.64091
13.0789	1.67181
13.082	1.7068
13.0851	1.7519
13.0882	1.80341
13.0913	1.86222
13.0944	1.9245
13.0974	1.98869
13.1005	2.05359
13.1036	2.11658
13.1067	2.17275
13.1098	2.22553
13.1128	2.27535
13.1159	2.3197
13.119	2.35965
13.1221	2.3907
13.1251	2.42289
13.1282	2.44958
13.1313	2.47544
13.1344	2.50265
13.1375	2.52942
13.1405	2.55296
13.1436	2.58004
13.1467	2.60248
13.1498	2.62104
13.1529	2.63015
13.1559	2.63577
13.159	2.63132
13.1621	2.62296
13.1652	2.60683
13.1682	2.5879
13.1713	2.55757
13.1744	2.52115
13.1774	2.48275
13.1805	2.44835
13.1836	2.41507
13.1867	2.38266
13.1897	2.35194
13.1928	2.32331
13.1959	2.29945
13.1989	2.28172
13.202	2.26979
13.2051	2.25849
13.2081	2.24628
13.2112	2.24103
13.2143	2.24558
13.2173	2.24863
13.2204	2.25642
13.2235	2.26233
13.2265	2.26528
13.2296	2.26698
13.2327	2.27144
13.2357	2.27584
13.2388	2.27745
13.2419	2.26908
13.2449	2.25755
13.248	2.23976
13.2511	2.21573
13.2541	2.1938
13.2572	2.16802
13.2603	2.1379
13.2633	2.10586
13.2664	2.06637
13.2695	2.03204
13.2725	1.99875
13.2756	1.96326
13.2786	1.92854
13.2817	1.88819
13.2847	1.84556
13.2878	1.80913
13.2909	1.77159
13.2939	1.73473
13.297	1.69788
13.3	1.65845
13.3031	1.61655
13.3062	1.57865
13.3092	1.5482
13.3123	1.52606
13.3153	1.49999
13.3184	1.47457
13.3214	1.45259
13.3245	1.43067
13.3275	1.41856
13.3306	1.41619
13.3336	1.41523
13.3367	1.41466
13.3398	1.41338
13.3428	1.41618
13.3459	1.42329
13.3489	1.42851
13.352	1.4342
13.355	1.44095
13.3581	1.44366
13.3611	1.4454
13.3642	1.45283
13.3672	1.46507
13.3703	1.47795
13.3733	1.48962
13.3764	1.50497
13.3794	1.52326
13.3824	1.54043
13.3855	1.56336
13.3885	1.58124
13.3916	1.59023
13.3946	1.59189
13.3977	1.58695
13.4007	1.57967
13.4038	1.5707
13.4068	1.5579
13.4099	1.54398
13.4129	1.52797
13.4159	1.5176
13.419	1.51335
13.422	1.52056
13.4251	1.53771
13.4281	1.5629
13.4312	1.59419
13.4342	1.63457
13.4372	1.67927
13.4403	1.72807
13.4433	1.78009
13.4463	1.82712
13.4494	1.87068
13.4524	1.91335
13.4555	1.9506
13.4585	1.98213
13.4615	2.00744
13.4646	2.02565
13.4676	2.03855
13.4706	2.04843
13.4737	2.06337
13.4767	2.07467
13.4797	2.08412
13.4828	2.09037
13.4858	2.1024
13.4888	2.11321
13.4919	2.12798
13.4949	2.1393
13.4979	2.1457
13.501	2.14279
13.504	2.13465
13.507	2.12223
13.5101	2.10772
13.5131	2.08319
13.5161	2.05087
13.5192	2.01418
13.5222	1.97755
13.5252	1.9421
13.5282	1.9044
13.5313	1.86645
13.5343	1.83035
13.5373	1.80024
13.5404	1.77507
13.5434	1.76482
13.5464	1.75763
13.5494	1.75794
13.5525	1.75917
13.5555	1.76658
13.5585	1.77882
13.5615	1.79549
13.5646	1.81228
13.5676	1.82905
13.5706	1.84
13.5736	1.84862
13.5767	1.85
13.5797	1.84939
13.5827	1.84381
13.5857	1.82934
13.5887	1.81528
13.5917	1.80273
13.5948	1.79267
13.5978	1.77954
13.6008	1.76828
13.6038	1.75931
13.6068	1.74908
13.6099	1.74114
13.6129	1.73582
13.6159	1.7248
13.6189	1.70959
13.6219	1.68682
13.625	1.66112
13.628	1.62888
13.631	1.59295
13.634	1.55669
13.637	1.52443
13.64	1.49887
13.643	1.47233
13.6461	1.44939
13.6491	1.42865
13.6521	1.40667
13.6551	1.38225
13.6581	1.36014
13.6611	1.34387
13.6641	1.32192
13.6671	1.30073
13.6701	1.27687
13.6732	1.25449
13.6762	1.23227
13.6792	1.21266
13.6822	1.1981
13.6852	1.18501
13.6882	1.17167
13.6912	1.1653
13.6942	1.15713
13.6972	1.15661
13.7002	1.14758
13.7032	1.13937
13.7063	1.13042
13.7093	1.12091
13.7122	1.10987
13.7152	1.09731
13.7183	1.086
13.7213	1.07501
13.7243	1.06361
13.7273	1.05543
13.7303	1.05106
13.7333	1.05004
13.7363	1.05346
13.7393	1.05923
13.7423	1.06515
13.7453	1.06709
13.7483	1.07082
13.7513	1.06827
13.7543	1.06786
13.7573	1.05898
13.7603	1.04723
13.7633	1.03386
13.7663	1.01663
13.7693	0.99475
13.7722	0.97401
13.7753	0.95452
13.7782	0.93737
13.7812	0.91731
13.7842	0.90149
13.7872	0.88843
13.7902	0.87841
13.7932	0.87489
13.7962	0.87795
13.7992	0.88069
13.8022	0.87928
13.8052	0.87909
13.8082	0.87678
13.8112	0.87831
13.8142	0.87748
13.8172	0.87684
13.8202	0.87741
13.8232	0.87828
13.8261	0.8816
13.8291	0.88747
13.8321	0.88987
13.8351	0.89338
13.8381	0.89368
13.8411	0.89574
13.8441	0.90179
13.847	0.90767
13.85	0.9142
13.853	0.91446
13.856	0.91237
13.859	0.91546
13.862	0.92122
13.865	0.92709
13.868	0.93538
13.8709	0.93493
13.8739	0.93437
13.8769	0.93108
13.8799	0.93232
13.8829	0.92993
13.8858	0.92178
13.8888	0.91124
13.8918	0.90278
13.8948	0.89077
13.8978	0.88375
13.9008	0.87595
13.9037	0.86641
13.9067	0.85325
13.9097	0.8431
13.9127	0.84208
13.9156	0.84434
13.9186	0.84476
13.9216	0.84678
13.9246	0.84888
13.9275	0.8513
13.9305	0.86158
13.9335	0.87687
13.9365	0.89647
13.9394	0.90905
13.9424	0.92451
13.9454	0.94418
13.9484	0.96341
13.9513	0.9744
13.9543	0.98421
13.9573	0.99175
13.9603	0.99904
13.9632	0.99738
13.9662	0.99757
13.9692	0.99345
13.9721	0.97997
13.9751	0.96506
13.9781	0.95435
13.981	0.94266
13.984	0.92496
13.987	0.90535
13.99	0.88746
13.9929	0.86854
13.9959	0.84951
13.9988	0.83971
14.0018	0.83198
14.0048	0.8234
14.0077	0.81758
14.0107	0.81747
14.0137	0.82419
14.0166	0.83913
14.0196	0.85771
14.0226	0.88498
14.0255	0.91208
14.0285	0.93796
14.0314	0.96676
14.0344	0.99413
14.0374	1.01909
14.0403	1.03389
14.0433	1.04361
14.0463	1.05165
14.0492	1.05446
14.0522	1.05427
14.0551	1.05674
14.0581	1.0584
14.061	1.0555
14.064	1.04927
14.067	1.04482
14.0699	1.04551
14.0729	1.04543
14.0758	1.03909
14.0788	1.02733
14.0817	1.01012
14.0847	0.98676
14.0877	0.96657
14.0906	0.9556
14.0936	0.94564
14.0965	0.93415
14.0995	0.9242
14.1024	0.92038
14.1054	0.92429
14.1083	0.93686
14.1113	0.95944
14.1142	0.98145
14.1172	0.99663
14.1201	1.01096
14.1231	1.02111
14.126	1.02534
14.129	1.02512
14.1319	1.01927
14.1349	1.00595
14.1378	0.98889
14.1408	0.9733
14.1437	0.96214
14.1467	0.95748
14.1496	0.95077
14.1525	0.94964
14.1555	0.94978
14.1584	0.95494
14.1614	0.96587
14.1643	0.97856
14.1673	0.98696
14.1702	0.99199
14.1731	0.98972
14.1761	0.98782
14.179	0.98171
14.182	0.97874
14.1849	0.97181
14.1878	0.95906
14.1908	0.94019
14.1937	0.92533
14.1967	0.90607
14.1996	0.88695
14.2026	0.87265
14.2055	0.85869
14.2084	0.8435
14.2114	0.83484
14.2143	0.82873
14.2172	0.82778
14.2202	0.82671
14.2231	0.83141
14.2261	0.84321
14.229	0.85488
14.2319	0.87167
14.2348	0.89129
14.2378	0.90711
14.2407	0.92232
14.2437	0.93727
14.2466	0.94592
14.2495	0.95033
14.2524	0.94597
14.2554	0.93474
14.2583	0.92031
14.2612	0.89911
14.2642	0.8759
14.2671	0.85009
14.27	0.82157
14.273	0.79804
14.2759	0.7783
14.2788	0.76697
14.2817	0.76146
14.2847	0.76299
14.2876	0.7716
14.2905	0.78517
14.2934	0.802
14.2964	0.82378
14.2993	0.84515
14.3022	0.86504
14.3051	0.88128
14.3081	0.89834
14.311	0.90635
14.3139	0.91324
14.3168	0.91986
14.3198	0.92907
14.3227	0.93652
14.3256	0.95036
14.3285	0.96503
14.3314	0.9823
14.3344	1.00459
14.3373	1.0307
14.3402	1.05803
14.3431	1.08476
14.346	1.1104
14.349	1.13546
14.3519	1.15497
14.3548	1.17361
14.3577	1.18702
14.3606	1.1941
14.3635	1.19612
14.3665	1.18895
14.3694	1.17786
14.3723	1.16518
14.3752	1.14378
14.3781	1.1207
14.381	1.09676
14.3839	1.07455
14.3869	1.05188
14.3898	1.0335
14.3927	1.01887
14.3956	1.00716
14.3985	0.99657
14.4014	0.99722
14.4043	1.00041
14.4072	1.01186
14.4101	1.02714
14.4131	1.04425
14.416	1.0634
14.4189	1.08253
14.4218	1.10114
14.4247	1.12212
14.4276	1.1385
14.4305	1.14888
14.4334	1.15873
14.4363	1.16074
14.4392	1.16048
14.4421	1.1538
14.445	1.14289
14.4479	1.12547
14.4508	1.10159
14.4537	1.07399
14.4566	1.05353
14.4595	1.03187
14.4624	1.01923
14.4653	1.00452
14.4682	0.98749
14.4711	0.97219
14.474	0.96515
14.4769	0.96039
14.4798	0.9677
14.4827	0.97215
14.4856	0.9715
14.4885	0.97211
14.4914	0.96981
14.4943	0.97671
14.4972	0.98724
14.5001	0.98844
14.503	0.99257
14.5059	0.99395
14.5088	0.99553
14.5117	0.99975
14.5146	1.00573
14.5175	1.01217
14.5204	1.01179
14.5233	1.00463
14.5262	1.00544
14.5291	1.00713
14.532	0.99981
14.5349	0.99691
14.5377	0.98405
14.5406	0.96389
14.5435	0.94842
14.5464	0.93498
14.5493	0.93521
14.5522	0.93163
14.5551	0.92617
14.558	0.93057
14.5609	0.93314
14.5637	0.94433
14.5666	0.96034
14.5695	0.97906
14.5724	0.99635
14.5753	1.01018
14.5782	1.02808
14.581	1.04829
14.5839	1.06052
14.5868	1.06817
14.5897	1.0717
14.5926	1.06469
14.5955	1.05559
14.5983	1.0461
14.6012	1.02919
14.6041	1.00577
14.607	0.97237
14.6099	0.93928
14.6128	0.90376
14.6156	0.86809
14.6185	0.83754
14.6214	0.80468
14.6243	0.76903
14.6272	0.73641
14.63	0.71006
14.6329	0.69196
14.6358	0.68045
14.6387	0.67541
14.6415	0.67799
14.6444	0.67929
14.6473	0.68366
14.6502	0.70147
14.653	0.71755
14.6559	0.72927
14.6588	0.74214
14.6616	0.75421
14.6645	0.76826
14.6674	0.78264
14.6703	0.80216
14.6731	0.81942
14.676	0.83049
14.6789	0.84098
14.6817	0.85524
14.6846	0.86722
14.6875	0.87699
14.6904	0.88529
14.6932	0.88943
14.6961	0.89116
14.699	0.88982
14.7018	0.88646
14.7047	0.8905
14.7075	0.89175
14.7104	0.89023
14.7133	0.89167
14.7162	0.89617
14.719	0.90107
14.7219	0.91135
14.7248	0.92664
14.7276	0.93816
14.7305	0.94806
14.7333	0.95655
14.7362	0.97237
14.7391	0.98219
14.7419	0.98959
14.7448	0.99576
14.7476	0.99645
14.7505	0.9972
14.7534	1.00096
14.7562	1.00373
14.7591	1.01091
14.7619	1.01199
14.7648	1.01311
14.7676	1.01533
14.7705	1.01661
14.7734	1.01649
14.7762	1.01795
14.7791	1.01533
14.7819	1.00899
14.7848	0.99985
14.7876	0.9896
14.7905	0.985
14.7933	0.97398
14.7962	0.96584
14.7991	0.95924
14.8019	0.95856
14.8048	0.97086
14.8076	0.98774
14.8105	1.01027
14.8133	1.04139
14.8162	1.07649
14.819	1.11836
14.8219	1.15803
14.8247	1.1961
14.8276	1.23175
14.8304	1.26128
14.8332	1.2886
14.8361	1.31091
14.839	1.32322
14.8418	1.3342
14.8446	1.34392
14.8475	1.35569
14.8503	1.3695
14.8532	1.38465
14.856	1.40376
14.8589	1.42682
14.8617	1.44935
14.8645	1.47529
14.8674	1.49408
14.8702	1.50964
14.8731	1.52165
14.8759	1.53158
14.8788	1.53284
14.8816	1.53187
14.8844	1.52695
14.8873	1.51949
14.8901	1.51251
14.893	1.50576
14.8958	1.505
14.8986	1.5024
14.9015	1.50237
14.9043	1.50723
14.9071	1.51318
14.91	1.51521
14.9128	1.52364
14.9156	1.52898
14.9185	1.53235
14.9213	1.53575
14.9241	1.54154
14.927	1.54098
14.9298	1.53784
14.9326	1.53229
14.9355	1.5316
14.9383	1.52706
14.9411	1.52801
14.944	1.53109
14.9468	1.52746
14.9496	1.52587
14.9525	1.52855
14.9553	1.53257
14.9581	1.53696
14.961	1.53887
14.9638	1.54043
14.9666	1.54073
14.9694	1.54182
14.9723	1.54064
14.9751	1.5367
14.9779	1.52329
14.9807	1.5058
14.9836	1.48893
14.9864	1.47467
14.9892	1.4561
14.992	1.43373
14.9948	1.40994
14.9977	1.38587
15.0005	1.36112
15.0033	1.34323
15.0061	1.3273
15.009	1.31018
15.0118	1.29758
15.0146	1.2952
15.0174	1.29567
15.0202	1.30252
15.0231	1.31369
15.0259	1.32834
15.0287	1.34177
15.0315	1.35432
15.0343	1.36187
15.0372	1.36642
15.04	1.36643
15.0428	1.36091
15.0456	1.34833
15.0484	1.33248
15.0512	1.31374
15.054	1.29358
15.0569	1.27351
15.0597	1.26297
15.0625	1.25359
15.0653	1.24761
15.0681	1.24815
15.0709	1.24949
15.0737	1.25649
15.0765	1.26543
15.0793	1.28137
15.0822	1.29326
15.085	1.29776
15.0878	1.29249
15.0906	1.28231
15.0934	1.26902
15.0962	1.25593
15.099	1.24043
15.1018	1.22267
15.1046	1.19963
15.1074	1.18101
15.1102	1.16826
15.113	1.16353
15.1158	1.15883
15.1187	1.15887
15.1214	1.16156
15.1242	1.16334
15.127	1.16971
15.1299	1.18554
15.1327	1.20089
15.1355	1.20796
15.1382	1.21613
15.1411	1.22077
15.1439	1.22298
15.1466	1.22832
15.1495	1.23391
15.1523	1.23877
15.155	1.2406
15.1578	1.24795
15.1607	1.26171
15.1634	1.27494
15.1662	1.29525
15.169	1.32286
15.1718	1.34864
15.1746	1.37821
15.1774	1.40357
15.1802	1.42305
15.183	1.44047
15.1858	1.45047
15.1886	1.45521
15.1914	1.46357
15.1942	1.45521
15.197	1.44705
15.1998	1.43701
15.2026	1.42942
15.2053	1.43388
15.2081	1.44012
15.2109	1.45063
15.2137	1.46008
15.2165	1.46801
15.2193	1.48937
15.2221	1.51245
15.2249	1.52939
15.2277	1.54452
15.2304	1.54517
15.2332	1.54506
15.236	1.54968
15.2388	1.55299
15.2416	1.54916
15.2444	1.54204
15.2472	1.5263
15.2499	1.51675
15.2527	1.50734
15.2555	1.50079
15.2583	1.49132
15.2611	1.47465
15.2638	1.45713
15.2666	1.43914
15.2694	1.41709
15.2722	1.39662
15.275	1.37567
15.2778	1.35095
15.2805	1.33033
15.2833	1.31518
15.2861	1.3103
15.2889	1.31211
15.2916	1.31428
15.2944	1.32181
15.2972	1.3301
15.3	1.33773
15.3027	1.35314
15.3055	1.36282
15.3083	1.3613
15.3111	1.3555
15.3138	1.34828
15.3166	1.34172
15.3194	1.32783
15.3222	1.31315
15.3249	1.29575
15.3277	1.2767
15.3305	1.25752
15.3332	1.24636
15.336	1.23144
15.3388	1.21862
15.3415	1.2101
15.3443	1.2071
15.3471	1.21293
15.3498	1.21839
15.3526	1.22748
15.3554	1.24473
15.3582	1.25076
15.3609	1.25775
15.3637	1.26644
15.3665	1.27221
15.3692	1.27892
15.372	1.27406
15.3748	1.26818
15.3775	1.24968
15.3803	1.2245
15.383	1.20328
15.3858	1.17372
15.3886	1.13555
15.3913	1.09795
15.3941	1.05776
15.3968	1.02328
15.3996	0.99399
15.4024	0.9715
15.4051	0.95121
15.4079	0.93676
15.4106	0.92718
15.4134	0.92391
15.4162	0.92243
15.4189	0.92073
15.4216	0.92091
15.4244	0.91433
15.4272	0.91072
15.4299	0.90426
15.4327	0.90177
15.4354	0.90763
15.4382	0.90853
15.4409	0.91918
15.4437	0.93252
15.4465	0.94504
15.4492	0.96527
15.4519	0.98813
15.4547	1.01612
15.4574	1.03715
15.4602	1.05448
15.4629	1.07177
15.4657	1.07428
15.4685	1.07322
15.4712	1.06948
15.4739	1.06328
15.4767	1.0519
15.4794	1.03536
15.4822	1.01991
15.4849	1.00658
15.4877	0.99566
15.4904	0.98481
15.4932	0.98368
15.4959	0.98163
15.4987	0.98108
15.5014	0.98303
15.5041	0.97715
15.5069	0.9731
15.5096	0.96298
15.5124	0.94997
15.5151	0.94399
15.5178	0.93209
15.5206	0.92682
15.5233	0.92619
15.5261	0.92604
15.5288	0.93891
15.5315	0.94712
15.5343	0.96496
15.537	0.99234
15.5398	1.01736
15.5425	1.03936
15.5452	1.05903
15.548	1.07517
15.5507	1.08581
15.5534	1.08947
15.5562	1.08464
15.5589	1.0743
15.5616	1.05202
15.5644	1.02797
15.5671	1.00647
15.5698	0.98456
15.5726	0.95831
15.5753	0.93022
15.578	0.9093
15.5808	0.90238
15.5835	0.89409
15.5862	0.8953
15.5889	0.89967
15.5917	0.8989
15.5944	0.89916
15.5971	0.89836
15.5998	0.90726
15.6026	0.9131
15.6053	0.91883
15.608	0.91845
15.6108	0.91927
15.6135	0.92733
15.6162	0.94273
15.6189	0.95612
15.6217	0.97073
15.6244	0.97924
15.6271	0.99132
15.6298	1.00831
15.6326	1.03445
15.6353	1.05921
15.638	1.07484
15.6407	1.08909
15.6434	1.10059
15.6462	1.11671
15.6489	1.12887
15.6516	1.13979
15.6543	1.14753
15.657	1.15331
15.6597	1.15784
15.6625	1.16975
15.6652	1.18313
15.6679	1.19465
15.6706	1.20575
15.6733	1.21969
15.676	1.23766
15.6788	1.25383
15.6815	1.27126
15.6842	1.28845
15.6869	1.29736
15.6896	1.30218
15.6923	1.31252
15.695	1.32203
15.6977	1.33059
15.7005	1.33151
15.7032	1.333
15.7059	1.33304
15.7086	1.32744
15.7113	1.32378
15.714	1.31575
15.7167	1.30411
15.7194	1.29322
15.7221	1.2873
15.7248	1.2824
15.7275	1.27707
15.7302	1.26973
15.7329	1.26733
15.7356	1.26411
15.7384	1.27217
15.741	1.28607
15.7438	1.29793
15.7465	1.31005
15.7492	1.3183
15.7519	1.32546
15.7546	1.33109
15.7573	1.33608
15.76	1.33956
15.7627	1.33018
15.7654	1.31004
15.7681	1.28713
15.7708	1.26091
15.7735	1.23031
15.7762	1.19823
15.7789	1.17066
15.7816	1.14466
15.7843	1.1246
15.787	1.11231
15.7896	1.11242
15.7923	1.10946
15.795	1.10613
15.7977	1.11052
15.8004	1.1152
15.8031	1.12146
15.8058	1.12755
15.8085	1.12674
15.8112	1.12339
15.8139	1.10847
15.8166	1.09723
15.8193	1.08218
15.822	1.06576
15.8246	1.04977
15.8273	1.03475
15.83	1.02762
15.8327	1.0249
15.8354	1.02928
15.8381	1.03775
15.8408	1.05301
15.8435	1.07237
15.8461	1.09706
15.8488	1.12467
15.8515	1.1506
15.8542	1.16665
15.8569	1.17532
15.8596	1.1737
15.8623	1.17619
15.8649	1.16794
15.8676	1.15267
15.8703	1.13149
15.873	1.10292
15.8757	1.07226
15.8783	1.03891
15.881	1.01887
15.8837	1.00228
15.8864	0.98642
15.8891	0.97397
15.8918	0.9764
15.8944	0.98564
15.8971	1.00448
15.8998	1.02392
15.9024	1.04619
15.9051	1.06136
15.9078	1.08309
15.9105	1.10561
15.9131	1.13555
15.9158	1.16471
15.9185	1.19695
15.9212	1.2326
15.9238	1.2685
15.9265	1.31314
15.9292	1.35691
15.9319	1.40227
15.9345	1.44244
15.9372	1.47592
15.9399	1.50049
15.9426	1.51829
15.9452	1.52548
15.9479	1.52686
15.9506	1.51352
15.9532	1.49439
15.9559	1.47015
15.9586	1.45244
15.9612	1.43325
15.9639	1.41896
15.9665	1.40941
15.9692	1.40315
15.9719	1.40355
15.9746	1.41413
15.9772	1.43267
15.9799	1.447
15.9825	1.4591
15.9852	1.47698
15.9879	1.49138
15.9905	1.49953
15.9932	1.50309
15.9958	1.50623
15.9985	1.50926
16.0012	1.50493
16.0038	1.50215
16.0065	1.50421
16.0092	1.50368
16.0118	1.49799
16.0145	1.49128
16.0171	1.48779
16.0198	1.48298
16.0224	1.47202
16.0251	1.46806
16.0277	1.46187
16.0304	1.44721
16.033	1.4263
16.0357	1.41242
16.0383	1.39383
16.041	1.36879
16.0437	1.33751
16.0463	1.30867
16.049	1.27802
16.0516	1.24614
16.0543	1.21739
16.0569	1.19597
16.0596	1.17697
16.0622	1.16877
16.0648	1.17109
16.0675	1.1847
16.0702	1.19688
16.0728	1.20578
16.0754	1.2209
16.0781	1.23028
16.0807	1.23596
16.0834	1.23312
16.086	1.23488
16.0887	1.23002
16.0913	1.2168
16.094	1.21067
16.0966	1.2046
16.0993	1.1931
16.1019	1.18807
16.1045	1.18405
16.1072	1.19363
16.1098	1.20624
16.1124	1.22152
16.1151	1.24079
16.1177	1.25318
16.1204	1.26236
16.123	1.27387
16.1256	1.27887
16.1283	1.27996
16.1309	1.27875
16.1336	1.26573
16.1362	1.25731
16.1388	1.24517
16.1415	1.23306
16.1441	1.23105
16.1467	1.22298
16.1494	1.21353
16.152	1.20903
16.1546	1.2023
16.1573	1.20076
16.1599	1.19162
16.1625	1.18213
16.1652	1.16731
16.1678	1.1455
16.1704	1.12883
16.173	1.11189
16.1757	1.0873
16.1783	1.06021
16.1809	1.03381
16.1836	1.00398
16.1862	0.97636
16.1888	0.95989
16.1914	0.94417
16.1941	0.93964
16.1967	0.94175
16.1993	0.95089
16.2019	0.9631
16.2046	0.97603
16.2072	0.99774
16.2098	1.01753
16.2124	1.03744
16.2151	1.0558
16.2177	1.06105
16.2203	1.0655
16.2229	1.06725
16.2255	1.06913
16.2281	1.06721
16.2308	1.06057
16.2334	1.04637
16.236	1.02395
16.2386	1.0066
16.2413	0.98631
16.2439	0.97601
16.2465	0.9755
16.2491	0.97094
16.2517	0.96422
16.2543	0.96172
16.2569	0.96701
16.2596	0.97323
16.2622	0.97327
16.2648	0.97656
16.2674	0.96549
16.27	0.95392
16.2726	0.94346
16.2752	0.93447
16.2778	0.91711
16.2805	0.90399
16.2831	0.88984
16.2857	0.88212
16.2883	0.87847
16.2909	0.87584
16.2935	0.8781
16.2961	0.882
16.2987	0.88257
16.3013	0.88664
16.3039	0.89277
16.3065	0.89977
16.3091	0.90731
16.3117	0.90914
16.3144	0.91348
16.3169	0.90719
16.3196	0.90591
16.3222	0.91155
16.3248	0.91878
16.3274	0.92202
16.33	0.93469
16.3326	0.94302
16.3352	0.95523
16.3378	0.97156
16.3404	0.98779
16.343	1.00179
16.3456	1.01494
16.3482	1.03167
16.3508	1.04642
16.3534	1.06464
16.3559	1.08586
16.3586	1.10874
16.3611	1.11909
16.3637	1.12526
16.3663	1.12944
16.3689	1.12831
16.3715	1.12407
16.3741	1.11881
16.3767	1.10393
16.3793	1.09131
16.3819	1.07585
16.3845	1.06915
16.3871	1.06416
16.3897	1.04725
16.3923	1.02954
16.3949	1.01591
16.3974	1.00785
16.4	1.00283
16.4026	1.00287
16.4052	1.00221
16.4078	1.00116
16.4104	1.00277
16.413	1.01905
16.4155	1.03897
16.4181	1.05363
16.4207	1.06822
16.4233	1.07571
16.4259	1.07938
16.4285	1.08737
16.4311	1.0941
16.4336	1.09713
16.4362	1.09368
16.4388	1.08818
16.4414	1.08078
16.444	1.07669
16.4465	1.07696
16.4491	1.0758
16.4517	1.07744
16.4543	1.08382
16.4569	1.10448
16.4594	1.12981
16.462	1.15407
16.4646	1.18149
16.4672	1.20029
16.4698	1.21367
16.4723	1.22134
16.4749	1.22967
16.4775	1.23331
16.48	1.22641
16.4826	1.21286
16.4852	1.2022
16.4878	1.18951
16.4903	1.17379
16.4929	1.16575
16.4955	1.16282
16.4981	1.16146
16.5006	1.16522
16.5032	1.17382
16.5058	1.19165
16.5083	1.21087
16.5109	1.23372
16.5135	1.2607
16.516	1.28072
16.5186	1.29555
16.5212	1.30231
16.5237	1.30164
16.5263	1.29003
16.5289	1.2675
16.5314	1.23762
16.534	1.20775
16.5366	1.1766
16.5391	1.14853
16.5417	1.12566
16.5443	1.10859
16.5468	1.1037
16.5494	1.10435
16.5519	1.11132
16.5545	1.12458
16.5571	1.14431
16.5596	1.16677
16.5622	1.19058
16.5647	1.22029
16.5673	1.24673
16.5698	1.2635
16.5724	1.27727
16.575	1.29182
16.5775	1.3072
16.5801	1.30789
16.5826	1.30084
16.5852	1.2907
16.5877	1.27444
16.5903	1.26246
16.5928	1.2533
16.5954	1.25134
16.5979	1.24268
16.6005	1.2262
16.603	1.21864
16.6056	1.22123
16.6081	1.23091
16.6107	1.24308
16.6133	1.25166
16.6158	1.25502
16.6183	1.25595
16.6209	1.25487
16.6234	1.25861
16.626	1.25676
16.6285	1.2423
16.6311	1.22102
16.6336	1.20245
16.6362	1.18439
16.6387	1.17181
16.6413	1.15368
16.6438	1.14054
16.6464	1.1214
16.6489	1.10465
16.6514	1.09904
16.654	1.09962
16.6565	1.09608
16.6591	1.09456
16.6616	1.09253
16.6641	1.09525
16.6667	1.10059
16.6692	1.11695
16.6718	1.14147
16.6743	1.16902
16.6768	1.19309
16.6794	1.21369
16.6819	1.23306
16.6844	1.24974
16.687	1.25693
16.6895	1.25455
16.692	1.24453
16.6946	1.22759
16.6971	1.20671
16.6996	1.1781
16.7022	1.14655
16.7047	1.11334
16.7072	1.08603
16.7098	1.07262
16.7123	1.07242
16.7148	1.08493
16.7174	1.10219
16.7199	1.11969
16.7224	1.14507
16.7249	1.17301
16.7275	1.20519
16.73	1.23626
16.7325	1.26502
16.7351	1.2842
16.7376	1.29724
16.7401	1.30741
16.7426	1.3145
16.7452	1.31181
16.7477	1.30204
16.7502	1.27744
16.7527	1.25186
16.7553	1.22395
16.7578	1.20202
16.7603	1.17248
16.7628	1.14267
16.7654	1.11363
16.7679	1.0965
16.7704	1.08692
16.7729	1.09031
16.7754	1.09085
16.7779	1.09159
16.7804	1.09744
16.783	1.10821
16.7855	1.11844
16.788	1.13105
16.7905	1.13731
16.793	1.13942
16.7955	1.13844
16.7981	1.13938
16.8006	1.1456
16.8031	1.14523
16.8056	1.13998
16.8081	1.13025
16.8106	1.12039
16.8132	1.11428
16.8157	1.11243
16.8182	1.10665
16.8207	1.1005
16.8232	1.08398
16.8257	1.06937
16.8282	1.06047
16.8307	1.05509
16.8332	1.04973
16.8357	1.04856
16.8382	1.0507
16.8407	1.05768
16.8432	1.06486
16.8457	1.0783
16.8483	1.08715
16.8508	1.09334
16.8533	1.10555
16.8558	1.1158
16.8583	1.12017
16.8608	1.13368
16.8633	1.14836
16.8658	1.15879
16.8683	1.16581
16.8708	1.17423
16.8733	1.18371
16.8758	1.18511
16.8783	1.18741
16.8808	1.19266
16.8833	1.18153
16.8858	1.16869
16.8882	1.1469
16.8908	1.12202
16.8932	1.08954
16.8957	1.05441
16.8982	1.02151
16.9007	0.99512
16.9032	0.96617
16.9057	0.94245
16.9082	0.92932
16.9107	0.93164
16.9132	0.94337
16.9157	0.96881
16.9182	1.00042
16.9207	1.03568
16.9232	1.06593
16.9257	1.09488
16.9281	1.12883
16.9306	1.14955
16.9331	1.16403
16.9356	1.16683
16.9381	1.16219
16.9406	1.14928
16.9431	1.12791
16.9456	1.10878
16.948	1.10097
16.9505	1.08664
16.953	1.06966
16.9555	1.05519
16.958	1.04521
16.9605	1.03807
16.9629	1.02786
16.9654	1.02069
16.9679	1.00284
16.9704	0.97424
16.9729	0.9378
16.9753	0.9129
16.9778	0.88847
16.9803	0.86584
16.9828	0.84836
16.9853	0.84115
16.9877	0.83535
16.9902	0.84266
16.9927	0.86272
16.9952	0.89409
16.9977	0.91786
17.0001	0.93685
17.0026	0.95189
17.0051	0.95867
17.0075	0.96437
17.01	0.96585
17.0125	0.96457
17.015	0.94871
17.0174	0.93284
17.0199	0.91504
17.0224	0.90581
17.0249	0.89948
17.0273	0.89863
17.0298	0.89702
17.0323	0.89742
17.0347	0.90541
17.0372	0.9247
17.0397	0.93889
17.0421	0.95366
17.0446	0.96805
17.047	0.98204
17.0495	0.99428
17.052	1.00514
17.0544	1.02009
17.0569	1.01924
17.0594	1.00619
17.0618	0.99305
17.0643	0.97429
17.0668	0.95282
17.0692	0.93282
17.0717	0.91178
17.0741	0.89569
17.0766	0.87712
17.0791	0.86647
17.0815	0.87155
17.084	0.87496
17.0864	0.88275
17.0889	0.8871
17.0913	0.88987
17.0938	0.89083
17.0963	0.88737
17.0987	0.88116
17.1012	0.87492
17.1036	0.84896
17.1061	0.83005
17.1085	0.8226
17.111	0.82207
17.1134	0.83354
17.1159	0.852
17.1183	0.87682
17.1208	0.90738
17.1232	0.939
17.1257	0.98634
17.1282	1.04006
17.1306	1.09262
17.1331	1.13324
17.1355	1.16281
17.1379	1.18797
17.1404	1.20938
17.1428	1.23021
17.1453	1.25218
17.1477	1.26098
17.1502	1.25498
17.1526	1.24338
17.1551	1.23326
17.1575	1.22122
17.1599	1.20783
17.1624	1.19181
17.1648	1.17138
17.1672	1.13875
17.1698	1.11109
17.1721	1.09352
17.1746	1.08199
17.177	1.07984
17.1794	1.07099
17.1819	1.07095
17.1843	1.07675
17.1868	1.09172
17.1892	1.12269
17.1917	1.16033
17.1941	1.19561
17.1965	1.22776
17.199	1.25716
17.2014	1.2975
17.2039	1.33471
17.2063	1.36487
17.2088	1.38196
17.2111	1.38314
17.2135	1.374
17.216	1.36008
17.2184	1.33731
17.2209	1.30605
17.2233	1.26539
17.2258	1.21407
17.2282	1.16288
17.2305	1.11187
17.233	1.0612
17.2354	1.01301
17.2379	0.96282
17.2403	0.91914
17.2428	0.88272
17.2451	0.85867
17.2475	0.84669
17.25	0.83655
17.2524	0.83789
17.2549	0.85519
17.2573	0.87749
17.2598	0.91492
17.2621	0.96043
17.2645	1.01224
17.267	1.05827
17.2693	1.10137
17.2718	1.14814
17.2742	1.18779
17.2767	1.21183
17.2791	1.22531
17.2814	1.23004
17.2839	1.22034
17.2863	1.21019
17.2888	1.20388
17.2911	1.19662
17.2935	1.18253
17.296	1.16709
17.2983	1.15904
17.3008	1.15906
17.3032	1.15207
17.3057	1.15929
17.308	1.17034
17.3104	1.18707
17.3129	1.19616
17.3152	1.2153
17.3177	1.24006
17.3201	1.26331
17.3226	1.2867
17.3249	1.31517
17.3273	1.33519
17.3298	1.34769
17.3321	1.35291
17.3346	1.36149
17.3369	1.34981
17.3394	1.32507
17.3418	1.3044
17.3441	1.27823
17.3466	1.24512
17.3489	1.20927
17.3514	1.17257
17.3538	1.13554
17.3562	1.10209
17.3586	1.08039
17.3609	1.06901
17.3634	1.04986
17.3658	1.03805
17.3682	1.0371
17.3706	1.03643
17.3731	1.03335
17.3754	1.03451
17.3777	1.02478
17.3802	1.01225
17.3826	1.00203
17.385	1.0079
17.3874	1.02097
17.3898	1.03235
17.3922	1.04794
17.3945	1.07606
17.397	1.10785
17.3993	1.14968
17.4018	1.203
17.4041	1.25273
17.4066	1.2902
17.4089	1.319
17.4113	1.3465
17.4137	1.35881
17.4161	1.35484
17.4185	1.33531
17.4209	1.31
17.4233	1.26982
17.4257	1.23239
17.428	1.20338
17.4305	1.17426
17.4328	1.14763
17.4353	1.13716
17.4376	1.1347
17.44	1.14637
17.4424	1.16912
17.4447	1.19895
17.4472	1.2299
17.4495	1.24942
17.452	1.26694
17.4543	1.28243
17.4566	1.29294
17.4591	1.29171
17.4614	1.28837
17.4639	1.27821
17.4662	1.26972
17.4686	1.2577
17.4709	1.24736
17.4733	1.23833
17.4757	1.23026
17.478	1.22364
17.4805	1.23036
17.4828	1.2342
17.4853	1.25645
17.4876	1.28131
17.4899	1.30679
17.4924	1.32623
17.4947	1.34896
17.4971	1.36863
17.4994	1.39097
17.5019	1.40234
17.5042	1.40315
17.5065	1.38633
17.509	1.36681
17.5113	1.34828
17.5137	1.33695
17.516	1.32979
17.5185	1.32499
17.5208	1.31703
17.5231	1.31791
17.5255	1.33037
17.5279	1.34227
17.5303	1.36702
17.5326	1.38461
17.535	1.40538
17.5374	1.41278
17.5397	1.41877
17.5421	1.41409
17.5444	1.39811
17.5468	1.3739
17.5492	1.34847
17.5516	1.31228
17.5539	1.2871
17.5562	1.26599
17.5586	1.2537
17.5609	1.248
17.5634	1.25188
17.5657	1.25689
17.5681	1.25844
17.5704	1.25716
17.5727	1.25546
17.5752	1.25171
17.5775	1.24188
17.5799	1.22901
17.5822	1.20481
17.5846	1.1762
17.5869	1.14835
17.5892	1.13749
17.5916	1.13669
17.5939	1.13613
17.5964	1.13353
17.5987	1.13357
17.601	1.13344
17.6034	1.14112
17.6057	1.16035
17.6081	1.18328
17.6104	1.18685
17.6128	1.17701
17.6151	1.16467
17.6174	1.156
17.6198	1.14407
17.6221	1.14048
17.6245	1.13537
17.6268	1.13201
17.6292	1.12557
17.6315	1.13256
17.6338	1.15809
17.6362	1.18668
17.6385	1.21463
17.641	1.24314
17.6432	1.26354
17.6456	1.27765
17.6479	1.2801
17.6502	1.28315
17.6526	1.28046
17.6549	1.26145
17.6573	1.23185
17.6596	1.20084
17.662	1.17067
17.6643	1.1393
17.6666	1.11625
17.669	1.09329
17.6713	1.07805
17.6737	1.06139
17.676	1.05974
17.6784	1.06871
17.6807	1.08505
17.683	1.10667
17.6853	1.13446
17.6876	1.15987
17.69	1.19075
17.6923	1.21717
17.6947	1.24918
17.697	1.26883
17.6993	1.27947
17.7017	1.28133
17.7039	1.27674
17.7063	1.25973
17.7086	1.24347
17.711	1.22136
17.7133	1.20071
17.7156	1.18534
17.718	1.17209
17.7202	1.16311
17.7226	1.15218
17.7249	1.14544
17.7273	1.15133
17.7296	1.15978
17.7318	1.17747
17.7342	1.20384
17.7365	1.21774
17.7389	1.23528
17.7412	1.26079
17.7435	1.29005
17.7458	1.31759
17.7481	1.34366
17.7505	1.36173
17.7527	1.37488
17.7551	1.37985
17.7574	1.38917
17.7597	1.38999
17.762	1.38295
17.7643	1.36746
17.7667	1.35586
17.769	1.34274
17.7713	1.32722
17.7736	1.31402
17.7759	1.29625
17.7782	1.27539
17.7805	1.25298
17.7829	1.23717
17.7852	1.2321
17.7875	1.21772
17.7898	1.20386
17.792	1.18692
17.7944	1.15952
17.7967	1.13486
17.7991	1.1172
17.8013	1.11009
17.8037	1.10539
17.8059	1.10777
17.8082	1.11163
17.8106	1.12494
17.8128	1.1538
17.8152	1.18817
17.8175	1.22637
17.8198	1.2636
17.8221	1.29737
17.8243	1.32824
17.8267	1.35084
17.8289	1.38128
17.8313	1.39976
17.8336	1.40797
17.8359	1.40475
17.8382	1.40362
17.8404	1.40888
17.8428	1.41591
17.845	1.42241
17.8474	1.42593
17.8497	1.41804
17.852	1.40806
17.8543	1.40517
17.8565	1.42296
17.8589	1.4346
17.8611	1.44382
17.8635	1.46151
17.8657	1.47186
17.8681	1.48841
17.8703	1.51806
17.8726	1.55846
17.8749	1.59474
17.8772	1.6325
17.8795	1.67532
17.8818	1.72274
17.8841	1.76184
17.8864	1.79687
17.8886	1.82722
17.891	1.8477
17.8932	1.85377
17.8955	1.8602
17.8978	1.85464
17.9	1.84348
17.9024	1.82008
17.9046	1.79872
17.9069	1.78677
17.9092	1.77527
17.9115	1.77646
17.9138	1.78642
17.916	1.79898
17.9183	1.81704
17.9206	1.83683
17.9229	1.85414
17.9251	1.86269
17.9275	1.87562
17.9297	1.88177
17.932	1.87823
17.9343	1.86081
17.9365	1.83162
17.9389	1.80018
17.9411	1.77514
17.9434	1.75511
17.9457	1.74146
17.9479	1.72208
17.9502	1.70418
17.9524	1.68013
17.9548	1.66027
17.957	1.64522
17.9594	1.62567
17.9616	1.59486
17.9638	1.56276
17.9661	1.53571
17.9684	1.51114
17.9707	1.49394
17.9729	1.47578
17.9752	1.46184
17.9775	1.44721
17.9797	1.44763
17.982	1.45759
17.9842	1.48016
17.9866	1.49297
17.9888	1.50402
17.9911	1.50904
17.9933	1.50846
17.9955	1.50601
17.9979	1.51108
18.0001	1.5122
18.0024	1.51226
18.0046	1.50431
18.007	1.50373
18.0092	1.49765
18.0114	1.49608
18.0137	1.49928
18.0159	1.51479
18.0182	1.52833
18.0205	1.53448
18.0228	1.54126
18.025	1.53741
18.0272	1.53884
18.0295	1.54007
18.0317	1.54334
18.034	1.55348
18.0362	1.5552
18.0386	1.56702
18.0408	1.58761
18.043	1.61139
18.0453	1.64355
18.0475	1.66317
18.0498	1.68204
18.052	1.69101
18.0542	1.7107
18.0565	1.71804
18.0587	1.71856
18.061	1.70539
18.0632	1.67877
18.0656	1.6467
18.0678	1.6125
18.0699	1.58957
18.0723	1.57637
18.0745	1.55041
18.0768	1.53511
18.079	1.51931
18.0813	1.51137
18.0835	1.5057
18.0857	1.51159
18.088	1.5176
18.0902	1.5102
18.0925	1.49433
18.0947	1.48362
18.097	1.47553
18.0992	1.45677
18.1014	1.44281
18.1037	1.43246
18.1059	1.41355
18.1081	1.40619
18.1103	1.41152
18.1126	1.42826
18.1148	1.45154
18.117	1.46644
18.1193	1.49144
18.1215	1.5153
18.1238	1.54144
18.126	1.57822
18.1283	1.61974
18.1305	1.65206
18.1327	1.67719
18.1349	1.69321
18.1371	1.71876
18.1394	1.73698
18.1416	1.75592
18.1439	1.77014
18.1461	1.77067
18.1483	1.75201
18.1506	1.72829
18.1527	1.69676
18.155	1.65963
18.1572	1.62205
18.1595	1.57926
18.1617	1.5252
18.1639	1.47549
18.1661	1.42573
18.1683	1.3838
18.1706	1.3519
18.1728	1.33236
18.1751	1.32841
18.1772	1.33374
18.1794	1.35596
18.1817	1.3846
18.1839	1.41645
18.1862	1.44021
18.1883	1.45906
18.1905	1.4727
18.1928	1.48106
18.1949	1.48052
18.1972	1.47246
18.1994	1.45846
18.2017	1.43024
18.2038	1.38662
18.206	1.35015
18.2083	1.31417
18.2105	1.285
18.2127	1.25911
18.2149	1.23966
18.2172	1.22673
18.2193	1.21671
18.2215	1.21555
18.2238	1.21552
18.2259	1.21743
18.2282	1.22724
18.2304	1.23367
18.2326	1.24366
18.2348	1.25199
18.237	1.25461
18.2392	1.25679
18.2414	1.2621
18.2437	1.27446
18.2458	1.29443
18.2481	1.31482
18.2503	1.34559
18.2524	1.36807
18.2547	1.37713
18.2568	1.37933
18.2591	1.36588
18.2613	1.34138
18.2635	1.31439
18.2657	1.27703
18.2678	1.23987
18.2701	1.19687
18.2722	1.1481
18.2745	1.1091
18.2767	1.08006
18.2789	1.06275
18.2811	1.05438
18.2832	1.05455
18.2855	1.06653
18.2876	1.08256
18.2899	1.08952
18.292	1.10513
18.2943	1.11565
18.2964	1.11894
18.2986	1.11754
18.3008	1.12021
18.303	1.12446
18.3052	1.12827
18.3074	1.12519
18.3096	1.11816
18.3118	1.10427
18.3139	1.09011
18.3162	1.08014
18.3183	1.07768
18.3206	1.06479
18.3227	1.05057
18.325	1.03044
18.3271	1.01202
18.3292	0.99663
18.3315	0.98075
18.3336	0.97687
18.3359	0.97903
18.338	0.98118
18.3401	0.9938
18.3424	1.01301
18.3445	1.04404
18.3468	1.07154
18.3489	1.09529
18.3511	1.12466
18.3533	1.14366
18.3554	1.15687
18.3576	1.16853
18.3598	1.17576
18.362	1.16931
18.3641	1.15066
18.3664	1.11863
18.3685	1.0887
18.3706	1.05255
18.3729	1.01718
18.375	0.9659
18.3772	0.91372
18.3794	0.8628
18.3816	0.82269
18.3837	0.79693
18.3859	0.79257
18.3881	0.78957
18.3902	0.79901
18.3924	0.82514
18.3946	0.86462
18.3968	0.90985
18.3989	0.95527
18.401	0.99903
18.4033	1.02302
18.4054	1.03143
18.4076	1.04751
18.4097	1.05167
18.412	1.04409
18.4141	1.02736
18.4162	0.99465
18.4184	0.9686
18.4205	0.93044
18.4228	0.89757
18.4249	0.88017
18.4271	0.84925
18.4292	0.81991
18.4313	0.79546
18.4336	0.78143
18.4357	0.7841
18.4379	0.78188
18.44	0.78617
18.4422	0.79696
18.4443	0.80023
18.4464	0.81553
18.4487	0.84796
18.4508	0.86465
18.453	0.89007
18.4551	0.90003
18.4573	0.90959
18.4594	0.92615
18.4615	0.94378
18.4638	0.97208
18.4659	1.01378
18.4681	1.04534
18.4702	1.08816
18.4723	1.12476
18.4745	1.17696
18.4766	1.22771
18.4788	1.26407
18.4809	1.2854
18.4831	1.29452
18.4852	1.28092
18.4873	1.2511
18.4895	1.21229
18.4916	1.15229
18.4938	1.0763
18.4959	0.98628
18.4981	0.90059
18.5002	0.82579
18.5023	0.75921
18.5045	0.70535
18.5066	0.66576
18.5088	0.62964
18.5109	0.60744
18.5131	0.59643
18.5152	0.6085
18.5173	0.62444
18.5195	0.64302
18.5216	0.65556
18.5238	0.67617
18.5259	0.69977
18.5281	0.72453
18.5302	0.75787
18.5323	0.79785
18.5345	0.83504
18.5366	0.87629
18.5388	0.91559
18.5409	0.94986
18.5431	0.97019
18.5451	0.98399
18.5472	0.99047
18.5494	0.99424
18.5515	0.98097
18.5537	0.97051
18.5558	0.95591
18.558	0.94039
18.5601	0.92341
18.5621	0.90346
18.5643	0.88952
18.5664	0.87609
18.5686	0.85952
18.5707	0.85727
18.5729	0.85594
18.5749	0.85859
18.577	0.8633
18.5792	0.87896
18.5813	0.90258
18.5835	0.92547
18.5856	0.96121
18.5877	0.98872
18.5898	1.00819
18.5919	1.01829
18.5941	1.02481
18.5961	1.01543
18.5983	1.00187
18.6004	0.97567
18.6026	0.94325
18.6046	0.89586
18.6067	0.85157
18.6089	0.81854
18.611	0.7852
18.6131	0.76219
18.6152	0.75813
18.6173	0.75992
18.6195	0.78106
18.6215	0.80927
18.6237	0.85184
18.6258	0.90051
18.6279	0.94021
18.63	0.97859
18.6321	1.01569
18.6342	1.0413
18.6363	1.06258
18.6385	1.08005
18.6405	1.08871
18.6427	1.08693
18.6448	1.07364
18.6468	1.06631
18.649	1.05794
18.6511	1.0307
18.6532	1.00611
18.6553	0.97937
18.6574	0.93742
18.6595	0.90391
18.6616	0.87856
18.6637	0.86394
18.6658	0.83819
18.6679	0.81165
18.67	0.78913
18.6722	0.77806
18.6742	0.77031
18.6763	0.78094
18.6784	0.79248
18.6805	0.80036
18.6826	0.80502
18.6847	0.82064
18.6868	0.84059
18.6889	0.8696
18.691	0.88953
18.6931	0.91062
18.6952	0.92693
18.6973	0.93229
18.6994	0.95054
18.7015	0.98139
18.7036	1.00522
18.7056	1.02488
18.7078	1.031
18.7098	1.04416
18.712	1.0551
18.714	1.06358
18.7161	1.07779
18.7182	1.07094
18.7202	1.0413
18.7224	1.00866
18.7244	0.97018
18.7266	0.93018
18.7286	0.88977
18.7308	0.83511
18.7328	0.77337
18.7348	0.70794
18.737	0.65168
18.739	0.61431
18.7412	0.58681
18.7432	0.56452
18.7452	0.55898
18.7474	0.55362
18.7494	0.57174
18.7516	0.60683
18.7536	0.64778
18.7557	0.69289
18.7578	0.72839
18.7598	0.75848
18.7619	0.79539
18.764	0.82209
18.7661	0.85512
18.7681	0.87955
18.7703	0.89592
18.7723	0.90835
18.7743	0.91586
18.7765	0.92903
18.7785	0.94265
18.7806	0.95211
18.7827	0.96738
18.7848	0.97512
18.7868	0.98122
18.7888	0.99417
18.791	1.01052
18.793	1.01826
18.7951	1.02881
18.7971	1.02909
18.7993	1.03106
18.8013	1.03001
18.8033	1.018
18.8054	1.00939
18.8074	0.98856
18.8096	0.97263
18.8116	0.95019
18.8137	0.92347
18.8157	0.90629
18.8178	0.89313
18.8199	0.87837
18.8219	0.87792
18.824	0.87748
18.826	0.88046
18.8282	0.89502
18.8302	0.92818
18.8322	0.97389
18.8343	1.03509
18.8363	1.09568
18.8384	1.15983
18.8405	1.20862
18.8426	1.23793
18.8446	1.26005
18.8466	1.25921
18.8487	1.23972
18.8507	1.19329
18.8528	1.13191
18.8548	1.06203
18.8569	0.99239
18.859	0.91944
18.861	0.86302
18.8631	0.80677
18.8651	0.76646
18.8672	0.75793
18.8692	0.77167
18.8713	0.79963
18.8733	0.8368
18.8753	0.87779
18.8774	0.92363
18.8794	0.97117
18.8815	1.0207
18.8835	1.05799
18.8855	1.06798
18.8876	1.06591
18.8896	1.05176
18.8917	1.02855
18.8937	0.99732
18.8958	0.96193
18.8978	0.91599
18.8998	0.87745
18.9019	0.84031
18.9039	0.81758
18.906	0.79839
18.908	0.77723
18.9101	0.77221
18.9121	0.77515
18.9141	0.79875
18.9162	0.8365
18.9182	0.8708
18.9203	0.90609
18.9223	0.93228
18.9244	0.96064
18.9263	0.99093
18.9283	1.0112
18.9304	1.01774
18.9324	1.01995
18.9345	1.0087
18.9365	1.00186
18.9386	0.99091
18.9406	0.97994
18.9426	0.96672
18.9446	0.95494
18.9466	0.9345
18.9487	0.93031
18.9507	0.92319
18.9528	0.92551
18.9548	0.92465
18.9567	0.92097
18.9588	0.92336
18.9608	0.92387
18.9629	0.92225
18.9649	0.92425
18.967	0.91938
18.9689	0.89995
18.9709	0.89124
18.973	0.87708
18.975	0.87304
18.9771	0.86691
18.979	0.86226
18.9811	0.85631
18.9831	0.85411
18.9851	0.84691
18.9871	0.86355
18.9891	0.87047
18.9912	0.88038
18.9932	0.88994
18.9952	0.89962
18.9972	0.90792
18.9992	0.91039
19.0012	0.9162
19.0032	0.92201
19.0053	0.91822
19.0072	0.91448
19.0092	0.92717
19.0113	0.93471
19.0133	0.94491
19.0153	0.95565
19.0173	0.96725
19.0194	0.99108
19.0213	1.0216
19.0233	1.04478
19.0254	1.05672
19.0273	1.04265
19.0294	1.02774
19.0313	1.01341
19.0334	0.99499
19.0354	0.97193
19.0373	0.92929
19.0394	0.88162
19.0414	0.83809
19.0434	0.80994
19.0454	0.79735
19.0474	0.7952
19.0494	0.80241
19.0513	0.82535
19.0534	0.86835
19.0554	0.92626
19.0574	0.99903
19.0594	1.06638
19.0614	1.12383
19.0634	1.17134
19.0653	1.21722
19.0674	1.24892
19.0693	1.26487
19.0714	1.26129
19.0733	1.23528
19.0754	1.18848
19.0773	1.12632
19.0793	1.06533
19.0813	1.00663
19.0833	0.94224
19.0853	0.88283
19.0873	0.83273
19.0893	0.79259
19.0913	0.77029
19.0932	0.75809
19.0953	0.76541
19.0972	0.77478
19.0993	0.78629
19.1012	0.80183
19.1032	0.81249
19.1052	0.81259
19.1071	0.79668
19.1092	0.76781
19.1111	0.72981
19.1132	0.69005
19.1151	0.64944
19.1171	0.62176
19.1191	0.59438
19.121	0.56837
19.123	0.55488
19.125	0.56609
19.127	0.59566
19.129	0.64345
19.131	0.70361
19.1329	0.7743
19.1349	0.82782
19.1369	0.88021
19.1388	0.93204
19.1409	0.97802
19.1428	1.01173
19.1447	1.02543
19.1468	1.02175
19.1487	1.01148
19.1507	1.00008
19.1527	0.99325
19.1547	0.9847
19.1566	0.97412
19.1585	0.96467
19.1606	0.96562
19.1625	0.9842
19.1645	1.02162
19.1664	1.05745
19.1685	1.09005
19.1704	1.12292
19.1723	1.14858
19.1743	1.18903
19.1763	1.22467
19.1783	1.25115
19.1802	1.2733
19.1822	1.27962
19.1841	1.28316
19.1861	1.28898
19.1881	1.2907
19.19	1.29774
19.192	1.29196
19.1939	1.28652
19.196	1.29108
19.1979	1.29791
19.1998	1.30615
19.2018	1.32293
19.2037	1.3271
19.2057	1.33496
19.2077	1.34615
19.2097	1.35809
19.2116	1.37353
19.2135	1.38509
19.2155	1.39363
19.2174	1.41093
19.2194	1.41687
19.2213	1.4241
19.2233	1.4251
19.2252	1.42034
19.2272	1.41366
19.2292	1.40773
19.2311	1.39327
19.2331	1.38698
19.235	1.37294
19.237	1.36299
19.2389	1.36339
19.2408	1.35722
19.2428	1.34399
19.2447	1.3313
19.2467	1.32106
19.2486	1.31859
19.2506	1.30685
19.2525	1.2965
19.2544	1.28832
19.2564	1.2765
19.2583	1.27189
19.2603	1.28674
19.2622	1.31067
19.2641	1.33915
19.2661	1.37013
19.268	1.39117
19.27	1.42175
19.2719	1.44371
19.2739	1.45615
19.2758	1.46956
19.2777	1.4607
19.2797	1.44637
19.2816	1.41727
19.2836	1.37724
19.2855	1.3328
19.2874	1.281
19.2893	1.2388
19.2912	1.1992
19.2932	1.15887
19.2951	1.13774
19.2971	1.12505
19.299	1.11593
19.301	1.11469
19.3029	1.11921
19.3047	1.11678
19.3067	1.11034
19.3086	1.09989
19.3106	1.09792
19.3125	1.0859
19.3145	1.06211
19.3164	1.04261
19.3182	1.016
19.3202	0.99393
19.3221	0.96647
19.3241	0.94167
19.326	0.92137
19.3279	0.89707
19.3298	0.88713
19.3317	0.88609
19.3337	0.88325
19.3356	0.88676
19.3375	0.89579
19.3394	0.92139
19.3414	0.94319
19.3433	0.9691
19.3451	0.99673
19.3471	1.02726
19.349	1.05534
19.351	1.09389
19.3528	1.13563
19.3548	1.173
19.3567	1.19665
19.3585	1.21363
19.3605	1.23572
19.3624	1.27017
19.3644	1.29105
19.3662	1.30362
19.3682	1.30492
19.3701	1.29654
19.3719	1.29089
19.3739	1.2887
19.3758	1.28765
19.3777	1.2732
19.3796	1.24924
19.3816	1.2288
19.3834	1.21712
19.3853	1.20795
19.3872	1.20108
19.3891	1.18766
19.3911	1.16416
19.3929	1.1491
19.3948	1.14805
19.3967	1.15037
19.3986	1.14416
19.4006	1.12853
19.4024	1.11171
19.4044	1.09785
19.4062	1.08393
19.4081	1.08982
19.41	1.0842
19.4119	1.07222
19.4139	1.0561
19.4157	1.04735
19.4177	1.04235
19.4195	1.03738
19.4214	1.03291
19.4233	1.03298
19.4252	1.01718
19.4271	0.99963
19.429	0.9806
19.4309	0.95574
19.4328	0.91844
19.4346	0.87821
19.4366	0.84456
19.4384	0.8139
19.4404	0.78403
19.4422	0.77057
19.4442	0.77718
19.446	0.78951
19.4478	0.81131
19.4498	0.85321
19.4516	0.89863
19.4536	0.95286
19.4554	1.00923
19.4574	1.06516
19.4592	1.11726
19.461	1.15352
19.463	1.1815
19.4648	1.20009
19.4668	1.20768
19.4686	1.21058
19.4705	1.20609
19.4724	1.19511
19.4742	1.18809
19.4761	1.18009
19.478	1.18454
19.4799	1.19039
19.4818	1.19512
19.4837	1.19699
19.4855	1.21619
19.4873	1.22835
19.4893	1.24161
19.4911	1.24857
19.493	1.24049
19.4949	1.23298
19.4968	1.22028
19.4986	1.21571
19.5005	1.21115
19.5024	1.18395
19.5042	1.14491
19.5062	1.10588
19.508	1.06275
19.5098	1.02804
19.5117	0.99381
19.5135	0.96737
19.5155	0.92941
19.5173	0.90089
19.5192	0.88651
19.521	0.8938
19.5229	0.90322
19.5248	0.90975
19.5266	0.9278
19.5285	0.94282
19.5303	0.97047
19.5323	1.00889
19.5341	1.05357
19.5359	1.08644
19.5378	1.10766
19.5396	1.12631
19.5416	1.15378
19.5434	1.17662
19.5453	1.20275
19.5471	1.21076
19.5489	1.21726
19.5508	1.20579
19.5526	1.19596
19.5546	1.17217
19.5564	1.13888
19.5583	1.10189
19.5601	1.05096
19.5619	0.99298
19.5638	0.93541
19.5656	0.87901
19.5675	0.83551
19.5693	0.79699
19.5712	0.7819
19.5731	0.78979
19.5749	0.80883
19.5768	0.84173
19.5786	0.89111
19.5805	0.94807
19.5823	1.00149
19.5842	1.05577
19.586	1.10788
19.5878	1.14715
19.5897	1.16817
19.5915	1.18382
19.5934	1.20175
19.5952	1.18945
19.5971	1.16381
19.5989	1.12805
19.6007	1.09386
19.6026	1.05947
19.6044	1.02557
19.6063	0.99843
19.6081	0.96577
19.61	0.92384
19.6118	0.89492
19.6136	0.87938
19.6155	0.87066
19.6173	0.8606
19.6192	0.85972
19.6209	0.86316
19.6228	0.8654
19.6246	0.87486
19.6264	0.88818
19.6283	0.90186
19.6301	0.89921
19.632	0.90492
19.6338	0.90953
19.6356	0.91713
19.6375	0.91303
19.6392	0.91313
19.6411	0.90845
19.6429	0.90462
19.6448	0.90475
19.6466	0.91756
19.6484	0.91407
19.6502	0.90124
19.652	0.87854
19.6539	0.85969
19.6557	0.82238
19.6576	0.78789
19.6593	0.75129
19.6611	0.70362
19.663	0.65817
19.6648	0.63187
19.6667	0.61594
19.6684	0.60985
19.6703	0.61238
19.6721	0.63838
19.6739	0.67746
19.6758	0.71694
19.6775	0.77475
19.6794	0.83454
19.6812	0.88313
19.6831	0.91383
19.6848	0.94116
19.6866	0.9629
19.6885	0.96815
19.6902	0.9473
19.6921	0.92103
19.6939	0.88323
19.6957	0.83775
19.6975	0.79784
19.6993	0.77637
19.7011	0.73957
19.7029	0.7155
19.7048	0.70923
19.7066	0.72937
19.7084	0.75989
19.7102	0.78858
19.712	0.83378
19.7138	0.87484
19.7156	0.90199
19.7174	0.93481
19.7192	0.9679
19.7211	0.98235
19.7228	0.97108
19.7246	0.9488
19.7264	0.92522
19.7282	0.89719
19.73	0.87
19.7318	0.84683
19.7337	0.83204
19.7354	0.80292
19.7372	0.79174
19.739	0.80134
19.7408	0.82346
19.7426	0.84928
19.7444	0.85957
19.7462	0.87392
19.748	0.88568
19.7498	0.89552
19.7516	0.9076
19.7534	0.91051
19.7552	0.90031
19.757	0.89068
19.7587	0.88663
19.7606	0.8886
19.7623	0.89098
19.7642	0.89783
19.7659	0.90219
19.7677	0.91091
19.7695	0.914
19.7712	0.92274
19.7731	0.93577
19.7748	0.94523
19.7767	0.95161
19.7784	0.95146
19.7803	0.95375
19.782	0.9553
19.7838	0.95936
19.7856	0.97183
19.7873	0.98039
19.7892	0.97997
19.7909	0.9742
19.7927	0.96691
19.7945	0.95723
19.7962	0.94769
19.798	0.93872
19.7998	0.91825
19.8016	0.88914
19.8034	0.86434
19.8052	0.84215
19.8069	0.82566
19.8087	0.8072
19.8105	0.7868
19.8122	0.76837
19.8141	0.75288
19.8158	0.75103
19.8176	0.74443
19.8194	0.7392
19.8211	0.72799
19.8229	0.7085
19.8246	0.70009
19.8265	0.69841
19.8282	0.68939
19.83	0.67785
19.8317	0.66405
19.8335	0.64927
19.8353	0.63695
19.837	0.63592
19.8388	0.63972
19.8406	0.64067
19.8424	0.64598
19.8441	0.65226
19.8458	0.66659
19.8477	0.66729
19.8494	0.67798
19.8512	0.66846
19.8529	0.67039
19.8547	0.68464
19.8564	0.70205
19.8582	0.71869
19.86	0.7184
19.8617	0.7086
19.8635	0.71898
19.8652	0.7323
19.8669	0.75095
19.8688	0.74818
19.8705	0.73366
19.8723	0.71275
19.874	0.69056
19.8758	0.67569
19.8775	0.65816
19.8792	0.62237
19.881	0.58271
19.8828	0.5664
19.8846	0.55642
19.8863	0.56571
19.8881	0.58552
19.8898	0.61133
19.8915	0.65016
19.8933	0.69305
19.895	0.76493
19.8968	0.84599
19.8985	0.90567
19.9003	0.95666
19.902	0.98488
19.9037	1.01622
19.9055	1.04148
19.9072	1.05536
19.909	1.0613
19.9107	1.05123
19.9125	1.02788
19.9142	1.00764
19.9159	0.98677
19.9177	0.96192
19.9194	0.9289
19.9212	0.89652
19.9229	0.87816
19.9247	0.87501
19.9264	0.86371
19.9281	0.86379
19.9299	0.86492
19.9316	0.87067
19.9334	0.88835
19.9351	0.90843
19.9369	0.93197
19.9386	0.94851
19.9402	0.94409
19.942	0.95117
19.9437	0.9504
19.9455	0.94512
19.9472	0.93782
19.949	0.92242
19.9507	0.89957
19.9524	0.86925
19.9541	0.85542
19.9558	0.85381
19.9576	0.85617
19.9593	0.8596
19.9611	0.87905
19.9628	0.9133
19.9645	0.95191
19.9662	0.99721
19.9679	1.05466
19.9697	1.1094
19.9714	1.15972
19.9731	1.17965
19.9748	1.1998
19.9765	1.1965
19.9783	1.18006
19.98	1.15781
19.9818	1.11924
19.9834	1.06712
19.9851	0.99795
19.9869	0.93869
19.9886	0.89777
19.9903	0.85997
19.992	0.83664
19.9938	0.82077
19.9955	0.81542
19.9971	0.82596
19.9989	0.85581
20.0006	0.90916
20.0023	0.96039
20.004	1.00703
20.0058	1.04588
20.0074	1.08733
20.0091	1.13055
20.0109	1.18641
20.0125	1.23014
20.0143	1.25548
20.016	1.26097
20.0177	1.26343
20.0194	1.26205
20.0211	1.25797
20.0228	1.23963
20.0245	1.2089
20.0263	1.14963
20.0279	1.1066
20.0297	1.06725
20.0313	1.0262
20.033	0.9945
20.0347	0.96993
20.0364	0.95349
20.0382	0.95146
20.0398	0.96292
20.0416	0.99798
20.0432	1.02686
20.0449	1.03732
20.0466	1.05536
20.0483	1.07408
20.05	1.0991
20.0517	1.12495
20.0535	1.15836
20.0551	1.18458
20.0568	1.20058
20.0585	1.20977
20.0602	1.25258
20.0619	1.27988
20.0636	1.30036
20.0653	1.32607
20.067	1.34818
20.0686	1.35911
20.0704	1.36715
20.072	1.37586
20.0738	1.38558
20.0754	1.37149
20.0771	1.36178
20.0788	1.36701
20.0804	1.37016
20.0822	1.3587
20.0838	1.34669
20.0856	1.33693
20.0872	1.32271
20.0888	1.30983
20.0906	1.30597
20.0922	1.30894
20.0939	1.28995
20.0956	1.26543
20.0973	1.26292
20.099	1.26346
20.1006	1.26785
20.1023	1.28457
20.104	1.30885
20.1057	1.33252
20.1074	1.35362
20.1091	1.38497
20.1107	1.41385
20.1123	1.42913
20.1141	1.42546
20.1157	1.42354
20.1174	1.41406
20.1191	1.39554
20.1208	1.37145
20.1224	1.34879
20.1241	1.3162
20.1258	1.27832
20.1274	1.25649
20.1291	1.24625
20.1308	1.22999
20.1325	1.22249
20.1341	1.22448
20.1358	1.21966
20.1375	1.2125
20.1391	1.2094
20.1408	1.21253
20.1424	1.20414
20.1441	1.20533
20.1458	1.19956
20.1474	1.17509
20.1491	1.1449
20.1507	1.12595
20.1525	1.11193
20.1541	1.09681
20.1558	1.07545
20.1574	1.05408
20.159	1.03229
20.1607	1.00685
20.1623	1.00534
20.1641	1.01118
20.1657	1.01468
20.1674	1.01713
20.169	1.02727
20.1706	1.05637
20.1723	1.08797
20.1739	1.11977
20.1757	1.16041
20.1773	1.17496
20.179	1.18168
20.1806	1.19506
20.1822	1.2039
20.1839	1.20594
20.1855	1.18601
20.1872	1.15676
20.1888	1.1226
20.1904	1.08067
20.1921	1.04562
20.1937	1.02121
20.1954	0.98764
20.197	0.95916
20.1987	0.93672
20.2003	0.92672
20.202	0.94265
20.2036	0.97428
20.2052	1.02245
20.2069	1.07923
20.2085	1.12945
20.2102	1.20244
20.2118	1.27787
20.2134	1.34355
20.2151	1.40528
20.2167	1.44914
20.2184	1.47576
20.22	1.49554
20.2217	1.49241
20.2233	1.47259
20.2249	1.43309
20.2266	1.38272
20.2282	1.33244
20.2299	1.27744
20.2315	1.22045
20.2331	1.16269
20.2347	1.10996
20.2363	1.06671
20.238	1.03666
20.2396	1.01262
20.2413	0.99638
20.2429	0.96976
20.2446	0.94705
20.2462	0.92863
20.2477	0.92811
20.2494	0.92181
20.251	0.92741
20.2527	0.92626
20.2543	0.92092
20.2559	0.91395
20.2575	0.92441
20.2591	0.92966
20.2608	0.93702
20.2624	0.92879
20.2641	0.92554
20.2656	0.92119
20.2673	0.92477
20.2689	0.93629
20.2705	0.95515
20.2721	0.96311
20.2737	0.9698
20.2754	0.98105
20.277	0.98951
20.2786	0.99213
20.2802	0.9893
20.2818	0.99998
20.2835	0.99811
20.285	0.98838
20.2867	0.97967
20.2883	0.97852
20.2899	0.96257
20.2915	0.95344
20.2931	0.93875
20.2948	0.92176
20.2963	0.89412
20.298	0.87354
20.2995	0.86151
20.3011	0.85846
20.3028	0.8511
20.3043	0.84171
20.306	0.83102
20.3076	0.82232
20.3092	0.81862
20.3108	0.83246
20.3124	0.85575
20.314	0.85918
20.3156	0.86054
20.3172	0.8628
20.3188	0.87548
20.3205	0.89106
20.322	0.91449
20.3236	0.93329
20.3252	0.93004
20.3268	0.92169
20.3284	0.92964
20.33	0.93232
20.3316	0.93469
20.3332	0.93297
20.3348	0.92201
20.3364	0.91862
20.338	0.92917
20.3396	0.94571
20.3412	0.96954
20.3428	0.98042
20.3444	0.98208
20.3459	0.98515
20.3476	0.99562
20.3491	1.0126
20.3508	1.02121
20.3523	1.02271
20.354	1.01293
20.3555	0.98782
20.3571	0.98291
20.3587	1.00075
20.3602	1.01752
20.3619	1.03059
20.3634	1.04204
20.3651	1.05338
20.3666	1.07315
20.3682	1.103
20.3698	1.1361
20.3713	1.16013
20.373	1.16123
20.3745	1.15806
20.3761	1.14732
20.3777	1.13513
20.3792	1.12658
20.3809	1.11028
20.3824	1.09301
20.384	1.07062
20.3856	1.05025
20.3872	1.05426
20.3887	1.06385
20.3903	1.07349
20.3919	1.06841
20.3934	1.05497
20.3951	1.03793
20.3966	1.01195
20.3981	0.98803
20.3998	0.95893
20.4013	0.92598
20.4029	0.89945
20.4044	0.88535
20.4061	0.89385
20.4076	0.90903
20.4091	0.92286
20.4107	0.93783
20.4123	0.95553
20.4139	0.97576
20.4154	0.99501
20.417	1.01555
20.4186	1.02748
20.4201	1.04229
20.4217	1.0464
20.4232	1.05648
20.4248	1.06417
20.4264	1.07042
20.428	1.08364
20.4295	1.09445
20.431	1.11047
20.4326	1.1264
20.4342	1.12957
20.4358	1.14106
20.4373	1.13821
20.4389	1.13773
20.4404	1.12948
20.4419	1.11566
20.4435	1.10295
20.4451	1.08018
20.4467	1.06126
20.4482	1.04853
20.4498	1.03496
20.4513	1.02802
20.4528	1.02311
20.4544	1.03171
20.4559	1.03705
20.4575	1.0395
20.459	1.03361
20.4606	1.02579
20.4622	1.00442
20.4637	0.98833
20.4653	0.96764
20.4668	0.94733
20.4684	0.92564
20.4699	0.89675
20.4715	0.88192
20.473	0.87235
20.4745	0.86109
20.4761	0.85738
20.4776	0.84996
20.4792	0.85753
20.4807	0.86874
20.4823	0.86726
20.4838	0.87936
20.4853	0.86154
20.4869	0.83871
20.4884	0.81382
20.49	0.79754
20.4915	0.78115
20.493	0.75945
20.4945	0.74092
20.496	0.74092
20.4976	0.73551
20.4991	0.7478
20.5007	0.77443
20.5022	0.80046
20.5037	0.8227
20.5053	0.84282
20.5068	0.86727
20.5084	0.89661
20.5099	0.91398
20.5114	0.93795
20.5129	0.97004
20.5144	0.99292
20.516	1.02392
20.5175	1.06005
20.5191	1.10869
20.5205	1.14694
20.5221	1.18077
20.5236	1.22171
20.5251	1.24864
20.5267	1.25419
20.5282	1.26383
20.5297	1.26991
20.5312	1.268
20.5328	1.25558
20.5343	1.25641
20.5358	1.25801
20.5373	1.26545
20.5388	1.28632
20.5404	1.31742
20.5419	1.3439
20.5434	1.36277
20.5449	1.36989
20.5464	1.37923
20.5479	1.38113
20.5494	1.36572
20.551	1.33403
20.5525	1.28293
20.554	1.22296
20.5555	1.16126
20.557	1.09701
20.5585	1.03784
20.56	0.97048
20.5616	0.90022
20.563	0.849
20.5646	0.80168
20.5661	0.76992
20.5676	0.74882
20.5691	0.73227
20.5706	0.72471
20.5721	0.72209
20.5736	0.72405
20.5752	0.73665
20.5766	0.73269
20.5781	0.72538
20.5796	0.71512
20.5811	0.7208
20.5827	0.73443
20.5841	0.76504
20.5857	0.79164
20.5871	0.82123
20.5886	0.85847
20.5901	0.91905
20.5916	0.99202
20.5932	1.06563
20.5946	1.12239
20.5961	1.16897
20.5976	1.19676
20.5991	1.22107
20.6006	1.23108
20.6021	1.22485
20.6036	1.19656
20.6051	1.159
20.6065	1.11948
20.6081	1.0747
20.6095	1.03785
20.6111	0.99685
20.6125	0.97351
20.6141	0.96142
20.6155	0.94076
20.617	0.93478
20.6185	0.93069
20.62	0.92837
20.6215	0.92949
20.6229	0.93152
20.6245	0.94873
20.6259	0.96543
20.6274	0.98241
20.6289	1.00947
20.6304	1.04532
20.6319	1.07515
20.6333	1.1088
20.6349	1.14116
20.6363	1.16531
20.6378	1.18211
20.6393	1.18645
20.6407	1.20593
20.6422	1.22502
20.6437	1.22589
20.6452	1.22857
20.6467	1.23401
20.6481	1.2414
20.6496	1.24861
20.6511	1.25708
20.6526	1.2651
20.654	1.25454
20.6555	1.23418
20.657	1.21832
20.6584	1.21412
20.6599	1.20292
20.6614	1.19923
20.6629	1.19687
20.6643	1.18744
20.6658	1.18342
20.6673	1.1985
20.6687	1.23582
20.6702	1.26921
20.6716	1.29091
20.6731	1.30832
20.6746	1.3265
20.6761	1.3314
20.6775	1.32743
20.679	1.31408
20.6805	1.27222
20.6819	1.21977
20.6834	1.16886
20.6848	1.11969
20.6863	1.0808
20.6878	1.03153
20.6892	0.99589
20.6907	0.97181
20.6921	0.96468
20.6936	0.97665
20.695	0.99747
20.6965	1.01839
20.698	1.04515
20.6994	1.06724
20.7009	1.09003
20.7023	1.11011
20.7038	1.11662
20.7052	1.10652
20.7066	1.08843
20.7081	1.05232
20.7096	1.01981
20.7111	0.97735
20.7125	0.93257
20.714	0.89895
20.7154	0.87618
20.7168	0.88208
20.7183	0.89916
20.7197	0.92873
20.7212	0.9684
20.7226	1.00951
20.7241	1.05308
20.7255	1.10103
20.7269	1.14195
20.7284	1.17336
20.7298	1.18413
20.7313	1.17865
20.7327	1.15325
20.7342	1.12149
20.7356	1.07137
20.737	1.02589
20.7385	0.97362
20.7399	0.93637
20.7414	0.90862
20.7428	0.90462
20.7443	0.92233
20.7457	0.96244
20.7471	1.01524
20.7486	1.0898
20.7499	1.16694
20.7514	1.25278
20.7528	1.32671
20.7543	1.39255
20.7557	1.43008
20.7571	1.44311
20.7586	1.43409
20.76	1.39795
20.7614	1.34468
20.7628	1.26914
20.7643	1.18268
20.7657	1.08334
20.7671	0.98694
20.7686	0.89877
20.77	0.83844
20.7714	0.79055
20.7728	0.77057
20.7743	0.76745
20.7757	0.79529
20.7771	0.84113
20.7785	0.89761
20.7799	0.9448
20.7814	0.99607
20.7828	1.04395
20.7842	1.09368
20.7856	1.11986
20.787	1.12705
20.7885	1.12556
20.7899	1.10747
20.7913	1.08123
20.7927	1.06695
20.7941	1.05444
20.7956	1.04318
20.7969	1.03235
20.7984	1.03473
20.7998	1.05074
20.8012	1.06826
20.8026	1.09276
20.804	1.12032
20.8055	1.13728
20.8068	1.14572
20.8083	1.14703
20.8097	1.13261
20.8111	1.10116
20.8125	1.04931
20.8139	0.9895
20.8153	0.92424
20.8167	0.86904
20.8181	0.81239
20.8195	0.76061
20.8209	0.7032
20.8223	0.65431
20.8237	0.61717
20.8251	0.60408
20.8265	0.59403
20.828	0.59035
20.8293	0.58136
20.8308	0.58755
20.8321	0.60686
20.8335	0.62327
20.8349	0.65042
20.8363	0.69135
20.8377	0.73067
20.8391	0.77948
20.8406	0.83598
20.8419	0.89527
20.8433	0.96022
20.8447	0.99706
20.8461	1.03457
20.8475	1.07318
20.8489	1.10457
20.8503	1.13761
20.8517	1.15759
20.853	1.15612
20.8545	1.13952
20.8558	1.10918
20.8573	1.09727
20.8586	1.09161
20.86	1.06975
20.8614	1.05493
20.8627	1.03389
20.8642	1.00926
20.8655	0.99833
20.867	1.00983
20.8683	1.01784
20.8697	1.01953
20.8711	1.01397
20.8724	1.02676
20.8739	1.02941
20.8752	1.02865
20.8766	1.03538
20.878	1.02148
20.8793	0.98009
20.8808	0.94076
20.8821	0.90983
20.8835	0.87554
20.8849	0.82626
20.8863	0.77329
20.8876	0.7268
20.889	0.68394
20.8904	0.66598
20.8917	0.66513
20.8931	0.66075
20.8945	0.65086
20.8959	0.64752
20.8972	0.64246
20.8986	0.65224
20.9	0.66017
20.9013	0.66926
20.9028	0.67998
20.9041	0.68317
20.9055	0.69998
20.9068	0.73183
20.9082	0.76837
20.9096	0.81835
20.9109	0.8724
20.9123	0.92326
20.9137	0.97512
20.9151	1.02878
20.9164	1.08848
20.9177	1.12777
20.9191	1.14925
20.9204	1.16681
20.9218	1.16036
20.9232	1.13874
20.9246	1.1288
20.9259	1.11585
20.9272	1.09041
20.9286	1.0536
20.93	1.02321
20.9314	1.00363
20.9327	0.99092
20.9341	0.98858
20.9354	0.98713
20.9367	0.96388
20.9381	0.93232
20.9395	0.91706
20.9408	0.91207
20.9422	0.9109
20.9435	0.89448
20.9449	0.87887
20.9462	0.86136
20.9476	0.84664
20.9489	0.84521
20.9503	0.8522
20.9516	0.83853
20.953	0.82835
20.9543	0.80728
20.9556	0.80719
20.957	0.80997
20.9583	0.81993
20.9597	0.81854
20.961	0.80729
20.9623	0.79639
20.9637	0.79428
20.965	0.78634
20.9664	0.77921
20.9677	0.75621
20.9691	0.7176
20.9704	0.6747
20.9717	0.63204
20.9731	0.59145
20.9744	0.54985
20.9758	0.51628
20.9771	0.4964
20.9785	0.50439
20.9798	0.50699
20.9811	0.52838
20.9825	0.55553
20.9838	0.59031
20.9851	0.62829
20.9864	0.67483
20.9878	0.72707
20.9891	0.77087
